1,Akcesorium 1,1344.23
2,Akcesorium 2,546.55
3,Akcesorium 3,1115.01
4,Akcesorium 4,549.34
5,Akcesorium 5,953.49
6,Akcesorium 6,866.31
7,Akcesorium 7,937.47
8,Akcesorium 8,1164.04
9,Akcesorium 9,282.01
10,Akcesorium 10,906.01
11,Akcesorium 11,661.78
12,Akcesorium 12,401.89
13,Akcesorium 13,462.65
14,Akcesorium 14,1201.83
15,Akcesorium 15,651.38
16,Akcesorium 16,682.40
17,Akcesorium 17,382.91
18,Akcesorium 18,427.34
19,Akcesorium 19,751.30
20,Akcesorium 20,1097.49
21,Akcesorium 21,360.60
22,Akcesorium 22,1223.56
23,Akcesorium 23,379.90
24,Akcesorium 24,943.00
25,Akcesorium 25,430.03
26,Akcesorium 26,296.84
27,Akcesorium 27,866.14
28,Akcesorium 28,863.30
29,Akcesorium 29,1440.08
30,Akcesorium 30,530.27
31,Akcesorium 31,1196.65
32,Akcesorium 32,565.76
33,Akcesorium 33,491.28
34,Akcesorium 34,928.66
35,Akcesorium 35,811.97
36,Akcesorium 36,1488.85
37,Akcesorium 37,513.41
38,Akcesorium 38,692.63
39,Akcesorium 39,615.58
40,Akcesorium 40,330.91
41,Akcesorium 41,859.68
42,Akcesorium 42,792.06
43,Akcesorium 43,1334.98
44,Akcesorium 44,673.46
45,Akcesorium 45,319.32
46,Akcesorium 46,183.95
47,Akcesorium 47,548.98
48,Akcesorium 48,1055.05
49,Akcesorium 49,1175.72
50,Akcesorium 50,495.48
51,Akcesorium 51,570.18
52,Akcesorium 52,1230.73
53,Akcesorium 53,760.37
54,Akcesorium 54,367.11
55,Akcesorium 55,946.68
56,Akcesorium 56,923.09
57,Akcesorium 57,1180.68
58,Akcesorium 58,526.42
59,Akcesorium 59,821.75
60,Akcesorium 60,898.66
61,Akcesorium 61,471.90
62,Akcesorium 62,787.68
63,Akcesorium 63,866.58
64,Akcesorium 64,977.08
65,Akcesorium 65,200.90
66,Akcesorium 66,1347.82
67,Akcesorium 67,1023.76
68,Akcesorium 68,456.28
69,Akcesorium 69,1472.34
70,Akcesorium 70,1173.47
71,Akcesorium 71,1176.52
72,Akcesorium 72,1360.83
73,Akcesorium 73,1164.17
74,Akcesorium 74,50.40
75,Akcesorium 75,982.74
76,Akcesorium 76,1146.69
77,Akcesorium 77,944.60
78,Akcesorium 78,1439.91
79,Akcesorium 79,187.09
80,Akcesorium 80,1370.65
81,Akcesorium 81,296.08
82,Akcesorium 82,961.94
83,Akcesorium 83,1451.37
84,Akcesorium 84,105.80
85,Akcesorium 85,598.77
86,Akcesorium 86,1152.27
87,Akcesorium 87,1066.07
88,Akcesorium 88,412.87
89,Akcesorium 89,199.04
90,Akcesorium 90,1061.64
91,Akcesorium 91,1483.27
92,Akcesorium 92,1198.16
93,Akcesorium 93,266.04
94,Akcesorium 94,1343.70
95,Akcesorium 95,583.81
96,Akcesorium 96,1317.37
97,Akcesorium 97,1361.36
98,Akcesorium 98,951.85
99,Akcesorium 99,319.05
100,Akcesorium 100,657.98
101,Akcesorium 101,374.01
102,Akcesorium 102,1439.64
103,Akcesorium 103,1240.02
104,Akcesorium 104,56.86
105,Akcesorium 105,1098.15
106,Akcesorium 106,785.64
107,Akcesorium 107,903.97
108,Akcesorium 108,1187.58
109,Akcesorium 109,252.94
110,Akcesorium 110,1438.40
111,Akcesorium 111,371.84
112,Akcesorium 112,1023.41
113,Akcesorium 113,1373.66
114,Akcesorium 114,1450.39
115,Akcesorium 115,536.19
116,Akcesorium 116,861.00
117,Akcesorium 117,973.58
118,Akcesorium 118,648.20
119,Akcesorium 119,1193.07
120,Akcesorium 120,1310.25
121,Akcesorium 121,854.32
122,Akcesorium 122,857.77
123,Akcesorium 123,547.08
124,Akcesorium 124,334.76
125,Akcesorium 125,1116.07
126,Akcesorium 126,230.37
127,Akcesorium 127,814.54
128,Akcesorium 128,550.40
129,Akcesorium 129,193.46
130,Akcesorium 130,1290.38
131,Akcesorium 131,211.96
132,Akcesorium 132,814.14
133,Akcesorium 133,1420.21
134,Akcesorium 134,848.66
135,Akcesorium 135,196.12
136,Akcesorium 136,61.55
137,Akcesorium 137,247.05
138,Akcesorium 138,253.82
139,Akcesorium 139,992.79
140,Akcesorium 140,1476.15
141,Akcesorium 141,916.76
142,Akcesorium 142,1224.84
143,Akcesorium 143,1229.58
144,Akcesorium 144,1446.85
145,Akcesorium 145,470.75
146,Akcesorium 146,1086.07
147,Akcesorium 147,811.49
148,Akcesorium 148,698.60
149,Akcesorium 149,490.31
150,Akcesorium 150,500.70
151,Akcesorium 151,1102.80
152,Akcesorium 152,301.97
153,Akcesorium 153,398.35
154,Akcesorium 154,1271.79
155,Akcesorium 155,105.09
156,Akcesorium 156,1095.67
157,Akcesorium 157,823.12
158,Akcesorium 158,56.42
159,Akcesorium 159,1345.34
160,Akcesorium 160,1129.17
161,Akcesorium 161,1301.22
162,Akcesorium 162,514.29
163,Akcesorium 163,811.93
164,Akcesorium 164,959.11
165,Akcesorium 165,520.31
166,Akcesorium 166,434.59
167,Akcesorium 167,1105.23
168,Akcesorium 168,1256.26
169,Akcesorium 169,779.23
170,Akcesorium 170,1012.70
171,Akcesorium 171,1188.64
172,Akcesorium 172,1106.47
173,Akcesorium 173,216.25
174,Akcesorium 174,621.11
175,Akcesorium 175,756.97
176,Akcesorium 176,313.21
177,Akcesorium 177,582.66
178,Akcesorium 178,1395.79
179,Akcesorium 179,959.15
180,Akcesorium 180,1034.96
181,Akcesorium 181,1062.48
182,Akcesorium 182,1132.13
183,Akcesorium 183,1340.78
184,Akcesorium 184,464.06
185,Akcesorium 185,115.76
186,Akcesorium 186,262.10
187,Akcesorium 187,844.45
188,Akcesorium 188,331.84
189,Akcesorium 189,496.41
190,Akcesorium 190,757.01
191,Akcesorium 191,1282.99
192,Akcesorium 192,295.46
193,Akcesorium 193,271.17
194,Akcesorium 194,626.29
195,Akcesorium 195,823.61
196,Akcesorium 196,991.28
197,Akcesorium 197,1241.70
198,Akcesorium 198,1458.05
199,Akcesorium 199,547.97
200,Akcesorium 200,1211.43
201,Akcesorium 201,195.68
202,Akcesorium 202,771.39
203,Akcesorium 203,1476.41
204,Akcesorium 204,486.72
205,Akcesorium 205,189.44
206,Akcesorium 206,1125.81
207,Akcesorium 207,621.07
208,Akcesorium 208,234.13
209,Akcesorium 209,1487.43
210,Akcesorium 210,507.92
211,Akcesorium 211,1156.69
212,Akcesorium 212,250.46
213,Akcesorium 213,661.21
214,Akcesorium 214,291.26
215,Akcesorium 215,322.86
216,Akcesorium 216,1111.56
217,Akcesorium 217,974.16
218,Akcesorium 218,1088.81
219,Akcesorium 219,597.48
220,Akcesorium 220,558.67
221,Akcesorium 221,202.80
222,Akcesorium 222,1043.94
223,Akcesorium 223,504.69
224,Akcesorium 224,230.46
225,Akcesorium 225,1072.79
226,Akcesorium 226,230.46
227,Akcesorium 227,446.98
228,Akcesorium 228,673.15
229,Akcesorium 229,309.40
230,Akcesorium 230,1056.20
231,Akcesorium 231,225.33
232,Akcesorium 232,986.59
233,Akcesorium 233,1480.40
234,Akcesorium 234,1090.80
235,Akcesorium 235,436.05
236,Akcesorium 236,1339.23
237,Akcesorium 237,382.07
238,Akcesorium 238,113.90
239,Akcesorium 239,359.14
240,Akcesorium 240,60.09
241,Akcesorium 241,1195.86
242,Akcesorium 242,402.51
243,Akcesorium 243,176.65
244,Akcesorium 244,939.68
245,Akcesorium 245,565.53
246,Akcesorium 246,303.70
247,Akcesorium 247,135.18
248,Akcesorium 248,698.42
249,Akcesorium 249,723.69
250,Akcesorium 250,713.38
251,Akcesorium 251,141.96
252,Akcesorium 252,1255.29
253,Akcesorium 253,417.02
254,Akcesorium 254,1305.56
255,Akcesorium 255,1107.93
256,Akcesorium 256,804.18
257,Akcesorium 257,108.32
258,Akcesorium 258,332.64
259,Akcesorium 259,1377.47
260,Akcesorium 260,1081.24
261,Akcesorium 261,656.43
262,Akcesorium 262,942.74
263,Akcesorium 263,1158.69
264,Akcesorium 264,780.33
265,Akcesorium 265,1500.00
266,Akcesorium 266,133.24
267,Akcesorium 267,1043.06
268,Akcesorium 268,900.21
269,Akcesorium 269,747.85
270,Akcesorium 270,987.12
271,Akcesorium 271,278.87
272,Akcesorium 272,680.77
273,Akcesorium 273,301.62
274,Akcesorium 274,1110.98
275,Akcesorium 275,1187.10
276,Akcesorium 276,1211.17
277,Akcesorium 277,1012.34
278,Akcesorium 278,821.35
279,Akcesorium 279,734.27
280,Akcesorium 280,1167.85
281,Akcesorium 281,1147.62
282,Akcesorium 282,1399.11
283,Akcesorium 283,301.04
284,Akcesorium 284,315.02
285,Akcesorium 285,571.60
286,Akcesorium 286,706.74
287,Akcesorium 287,160.45
288,Akcesorium 288,1025.80
289,Akcesorium 289,712.89
290,Akcesorium 290,1440.04
291,Akcesorium 291,1005.57
292,Akcesorium 292,256.13
293,Akcesorium 293,1273.47
294,Akcesorium 294,157.97
295,Akcesorium 295,789.54
296,Akcesorium 296,1380.34
297,Akcesorium 297,1154.04
298,Akcesorium 298,1362.73
299,Akcesorium 299,518.10
300,Akcesorium 300,619.96
