1,Miasto 1
2,Miasto 2
3,Miasto 3
4,Miasto 4
5,Miasto 5
6,Miasto 6
7,Miasto 7
8,Miasto 8
9,Miasto 9
10,Miasto 10
11,Miasto 11
12,Miasto 12
13,Miasto 13
14,Miasto 14
15,Miasto 15
16,Miasto 16
17,Miasto 17
18,Miasto 18
19,Miasto 19
20,Miasto 20
21,Miasto 21
22,Miasto 22
23,Miasto 23
24,Miasto 24
25,Miasto 25
26,Miasto 26
27,Miasto 27
28,Miasto 28
29,Miasto 29
30,Miasto 30
31,Miasto 31
32,Miasto 32
33,Miasto 33
34,Miasto 34
35,Miasto 35
36,Miasto 36
37,Miasto 37
38,Miasto 38
39,Miasto 39
40,Miasto 40
41,Miasto 41
42,Miasto 42
43,Miasto 43
44,Miasto 44
45,Miasto 45
46,Miasto 46
47,Miasto 47
48,Miasto 48
49,Miasto 49
50,Miasto 50
51,Miasto 51
52,Miasto 52
53,Miasto 53
54,Miasto 54
55,Miasto 55
56,Miasto 56
57,Miasto 57
58,Miasto 58
59,Miasto 59
60,Miasto 60
61,Miasto 61
62,Miasto 62
63,Miasto 63
64,Miasto 64
65,Miasto 65
66,Miasto 66
67,Miasto 67
68,Miasto 68
69,Miasto 69
70,Miasto 70
71,Miasto 71
72,Miasto 72
73,Miasto 73
74,Miasto 74
75,Miasto 75
76,Miasto 76
77,Miasto 77
78,Miasto 78
79,Miasto 79
80,Miasto 80
81,Miasto 81
82,Miasto 82
83,Miasto 83
84,Miasto 84
85,Miasto 85
86,Miasto 86
87,Miasto 87
88,Miasto 88
89,Miasto 89
90,Miasto 90
91,Miasto 91
92,Miasto 92
93,Miasto 93
94,Miasto 94
95,Miasto 95
96,Miasto 96
97,Miasto 97
98,Miasto 98
99,Miasto 99
100,Miasto 100
