1,Wersja wyposazenia 1,2,13866.69
2,Wersja wyposazenia 2,1,20990.17
3,Wersja wyposazenia 3,4,23859.22
4,Wersja wyposazenia 4,6,33519.55
5,Wersja wyposazenia 5,2,29793.85
6,Wersja wyposazenia 6,3,23685.11
7,Wersja wyposazenia 7,5,36274.30
8,Wersja wyposazenia 8,4,19557.79
9,Wersja wyposazenia 9,4,35671.87
10,Wersja wyposazenia 10,1,24985.04
11,Wersja wyposazenia 11,3,15053.41
12,Wersja wyposazenia 12,2,20664.39
13,Wersja wyposazenia 13,4,9657.12
14,Wersja wyposazenia 14,3,34207.43
15,Wersja wyposazenia 15,4,7144.84
16,Wersja wyposazenia 16,3,22130.96
17,Wersja wyposazenia 17,2,14338.82
18,Wersja wyposazenia 18,5,24273.66
19,Wersja wyposazenia 19,4,20671.87
20,Wersja wyposazenia 20,4,18584.70
21,Wersja wyposazenia 21,1,30068.36
22,Wersja wyposazenia 22,1,6765.65
23,Wersja wyposazenia 23,2,35460.38
24,Wersja wyposazenia 24,6,38734.24
25,Wersja wyposazenia 25,6,37682.12
26,Wersja wyposazenia 26,3,6361.89
27,Wersja wyposazenia 27,6,17940.61
28,Wersja wyposazenia 28,6,34489.42
29,Wersja wyposazenia 29,3,35590.69
30,Wersja wyposazenia 30,3,39642.17
31,Wersja wyposazenia 31,6,10428.33
32,Wersja wyposazenia 32,3,19459.52
33,Wersja wyposazenia 33,3,26237.98
34,Wersja wyposazenia 34,2,28274.94
35,Wersja wyposazenia 35,2,14775.69
36,Wersja wyposazenia 36,4,36826.53
37,Wersja wyposazenia 37,2,6950.44
38,Wersja wyposazenia 38,3,31574.45
39,Wersja wyposazenia 39,2,20395.21
40,Wersja wyposazenia 40,1,26581.93
41,Wersja wyposazenia 41,3,35145.27
42,Wersja wyposazenia 42,3,28434.10
43,Wersja wyposazenia 43,2,36665.24
44,Wersja wyposazenia 44,5,12159.79
45,Wersja wyposazenia 45,4,17917.11
46,Wersja wyposazenia 46,1,18635.98
47,Wersja wyposazenia 47,1,24707.33
48,Wersja wyposazenia 48,5,11423.84
49,Wersja wyposazenia 49,6,31013.67
50,Wersja wyposazenia 50,5,23533.43
51,Wersja wyposazenia 51,2,8536.64
52,Wersja wyposazenia 52,2,22045.50
53,Wersja wyposazenia 53,1,12165.14
54,Wersja wyposazenia 54,4,21109.80
55,Wersja wyposazenia 55,2,15593.89
56,Wersja wyposazenia 56,5,11240.12
57,Wersja wyposazenia 57,4,18805.81
58,Wersja wyposazenia 58,6,25412.31
59,Wersja wyposazenia 59,5,21640.68
60,Wersja wyposazenia 60,4,14901.73
61,Wersja wyposazenia 61,2,35160.22
62,Wersja wyposazenia 62,6,30362.10
63,Wersja wyposazenia 63,1,5041.66
64,Wersja wyposazenia 64,4,31086.31
65,Wersja wyposazenia 65,1,28708.61
66,Wersja wyposazenia 66,3,27933.13
67,Wersja wyposazenia 67,4,5416.58
68,Wersja wyposazenia 68,3,22889.34
69,Wersja wyposazenia 69,6,11027.56
70,Wersja wyposazenia 70,4,30717.79
71,Wersja wyposazenia 71,5,11666.31
72,Wersja wyposazenia 72,3,30692.16
73,Wersja wyposazenia 73,5,33005.77
74,Wersja wyposazenia 74,4,28853.88
75,Wersja wyposazenia 75,5,29376.20
76,Wersja wyposazenia 76,4,8782.31
77,Wersja wyposazenia 77,4,9430.68
78,Wersja wyposazenia 78,5,21337.32
79,Wersja wyposazenia 79,5,12590.26
80,Wersja wyposazenia 80,3,16346.93
81,Wersja wyposazenia 81,2,37958.77
82,Wersja wyposazenia 82,3,16703.70
83,Wersja wyposazenia 83,4,9969.02
84,Wersja wyposazenia 84,6,27847.68
85,Wersja wyposazenia 85,2,22447.13
86,Wersja wyposazenia 86,4,38089.08
87,Wersja wyposazenia 87,5,35316.17
88,Wersja wyposazenia 88,4,27763.30
89,Wersja wyposazenia 89,1,35677.21
90,Wersja wyposazenia 90,1,27659.69
91,Wersja wyposazenia 91,5,12470.63
92,Wersja wyposazenia 92,5,39714.80
93,Wersja wyposazenia 93,1,21437.73
94,Wersja wyposazenia 94,1,35425.12
95,Wersja wyposazenia 95,5,39601.58
96,Wersja wyposazenia 96,2,19956.21
97,Wersja wyposazenia 97,6,25994.45
98,Wersja wyposazenia 98,5,27417.22
99,Wersja wyposazenia 99,5,27843.41
100,Wersja wyposazenia 100,3,35254.22
