1,45,1540,Imie 1,Nazwisko 1,email1@example.com,100019358
2,22,3532,Imie 2,Nazwisko 2,email2@example.com,100009803
3,111,1285,Imie 3,Nazwisko 3,email3@example.com,100010651
4,144,124,Imie 4,Nazwisko 4,email4@example.com,100018060
5,81,3581,Imie 5,Nazwisko 5,email5@example.com,100026430
6,164,6669,Imie 6,Nazwisko 6,email6@example.com,100028206
7,110,3359,Imie 7,Nazwisko 7,email7@example.com,100028168
8,44,7762,Imie 8,Nazwisko 8,email8@example.com,100008436
9,129,8451,Imie 9,Nazwisko 9,email9@example.com,100007104
10,97,3187,Imie 10,Nazwisko 10,email10@example.com,100022629
11,29,3489,Imie 11,Nazwisko 11,email11@example.com,100006784
12,38,8741,Imie 12,Nazwisko 12,email12@example.com,100023293
13,173,2415,Imie 13,Nazwisko 13,email13@example.com,100016626
14,131,4237,Imie 14,Nazwisko 14,email14@example.com,100008755
15,142,2304,Imie 15,Nazwisko 15,email15@example.com,100032278
16,59,2792,Imie 16,Nazwisko 16,email16@example.com,100005392
17,78,7660,Imie 17,Nazwisko 17,email17@example.com,100005674
18,91,8133,Imie 18,Nazwisko 18,email18@example.com,100024645
19,95,5383,Imie 19,Nazwisko 19,email19@example.com,100007818
20,91,1231,Imie 20,Nazwisko 20,email20@example.com,100030210
21,48,5277,Imie 21,Nazwisko 21,email21@example.com,100017572
22,124,7600,Imie 22,Nazwisko 22,email22@example.com,100003840
23,59,8768,Imie 23,Nazwisko 23,email23@example.com,100004173
24,171,2108,Imie 24,Nazwisko 24,email24@example.com,100013179
25,122,930,Imie 25,Nazwisko 25,email25@example.com,100003104
26,177,1590,Imie 26,Nazwisko 26,email26@example.com,100011788
27,120,9780,Imie 27,Nazwisko 27,email27@example.com,100007860
28,62,1947,Imie 28,Nazwisko 28,email28@example.com,100009125
29,117,8454,Imie 29,Nazwisko 29,email29@example.com,100030140
30,169,7662,Imie 30,Nazwisko 30,email30@example.com,100013088
31,146,7333,Imie 31,Nazwisko 31,email31@example.com,100016506
32,35,3791,Imie 32,Nazwisko 32,email32@example.com,100017432
33,1,1003,Imie 33,Nazwisko 33,email33@example.com,100010510
34,174,6046,Imie 34,Nazwisko 34,email34@example.com,100024591
35,184,7528,Imie 35,Nazwisko 35,email35@example.com,100005243
36,186,1486,Imie 36,Nazwisko 36,email36@example.com,100025093
37,30,2650,Imie 37,Nazwisko 37,email37@example.com,100016261
38,69,7970,Imie 38,Nazwisko 38,email38@example.com,100018450
39,189,5528,Imie 39,Nazwisko 39,email39@example.com,100025263
40,2,986,Imie 40,Nazwisko 40,email40@example.com,100020386
41,178,3269,Imie 41,Nazwisko 41,email41@example.com,100012801
42,199,8492,Imie 42,Nazwisko 42,email42@example.com,100004184
43,75,6072,Imie 43,Nazwisko 43,email43@example.com,100023908
44,54,6931,Imie 44,Nazwisko 44,email44@example.com,100021205
45,94,2126,Imie 45,Nazwisko 45,email45@example.com,100015536
46,193,1147,Imie 46,Nazwisko 46,email46@example.com,100014283
47,51,4104,Imie 47,Nazwisko 47,email47@example.com,100007871
48,50,3114,Imie 48,Nazwisko 48,email48@example.com,100014627
49,94,1118,Imie 49,Nazwisko 49,email49@example.com,100021802
50,24,8671,Imie 50,Nazwisko 50,email50@example.com,100029220
51,72,5276,Imie 51,Nazwisko 51,email51@example.com,100007797
52,200,1719,Imie 52,Nazwisko 52,email52@example.com,100015578
53,17,4766,Imie 53,Nazwisko 53,email53@example.com,100003792
54,17,6651,Imie 54,Nazwisko 54,email54@example.com,100025137
55,181,2697,Imie 55,Nazwisko 55,email55@example.com,100007109
56,118,1629,Imie 56,Nazwisko 56,email56@example.com,100010108
57,46,8569,Imie 57,Nazwisko 57,email57@example.com,100002401
58,31,812,Imie 58,Nazwisko 58,email58@example.com,100016228
59,124,6944,Imie 59,Nazwisko 59,email59@example.com,100014264
60,92,7916,Imie 60,Nazwisko 60,email60@example.com,100023919
61,161,2164,Imie 61,Nazwisko 61,email61@example.com,100017885
62,69,6026,Imie 62,Nazwisko 62,email62@example.com,100012959
63,49,6143,Imie 63,Nazwisko 63,email63@example.com,100015260
64,178,4969,Imie 64,Nazwisko 64,email64@example.com,100016098
65,196,3373,Imie 65,Nazwisko 65,email65@example.com,100032158
66,15,5613,Imie 66,Nazwisko 66,email66@example.com,100030271
67,174,534,Imie 67,Nazwisko 67,email67@example.com,100018365
68,24,7673,Imie 68,Nazwisko 68,email68@example.com,100002562
69,169,4052,Imie 69,Nazwisko 69,email69@example.com,100022451
70,91,7154,Imie 70,Nazwisko 70,email70@example.com,100001382
71,193,2182,Imie 71,Nazwisko 71,email71@example.com,100026214
72,185,4196,Imie 72,Nazwisko 72,email72@example.com,100010846
73,39,5511,Imie 73,Nazwisko 73,email73@example.com,100006271
74,36,9086,Imie 74,Nazwisko 74,email74@example.com,100026252
75,171,1936,Imie 75,Nazwisko 75,email75@example.com,100016151
76,161,1991,Imie 76,Nazwisko 76,email76@example.com,100008598
77,11,7650,Imie 77,Nazwisko 77,email77@example.com,100010130
78,10,1539,Imie 78,Nazwisko 78,email78@example.com,100023880
79,98,3196,Imie 79,Nazwisko 79,email79@example.com,100026119
80,78,4442,Imie 80,Nazwisko 80,email80@example.com,100030026
81,42,7414,Imie 81,Nazwisko 81,email81@example.com,100001991
82,19,9968,Imie 82,Nazwisko 82,email82@example.com,100003930
83,121,6312,Imie 83,Nazwisko 83,email83@example.com,100000988
84,21,3140,Imie 84,Nazwisko 84,email84@example.com,100020033
85,148,280,Imie 85,Nazwisko 85,email85@example.com,100007582
86,94,6302,Imie 86,Nazwisko 86,email86@example.com,100026877
87,175,1027,Imie 87,Nazwisko 87,email87@example.com,100020905
88,118,444,Imie 88,Nazwisko 88,email88@example.com,100013528
89,68,2349,Imie 89,Nazwisko 89,email89@example.com,100024539
90,25,7832,Imie 90,Nazwisko 90,email90@example.com,100019563
91,54,5065,Imie 91,Nazwisko 91,email91@example.com,100009512
92,81,5010,Imie 92,Nazwisko 92,email92@example.com,100005806
93,117,8611,Imie 93,Nazwisko 93,email93@example.com,100020062
94,152,1803,Imie 94,Nazwisko 94,email94@example.com,100022704
95,165,753,Imie 95,Nazwisko 95,email95@example.com,100002360
96,146,8941,Imie 96,Nazwisko 96,email96@example.com,100000397
97,103,2210,Imie 97,Nazwisko 97,email97@example.com,100019269
98,41,383,Imie 98,Nazwisko 98,email98@example.com,100021426
99,105,3477,Imie 99,Nazwisko 99,email99@example.com,100007832
100,114,5862,Imie 100,Nazwisko 100,email100@example.com,100016282
101,98,3924,Imie 101,Nazwisko 101,email101@example.com,100012863
102,173,9061,Imie 102,Nazwisko 102,email102@example.com,100000896
103,39,5393,Imie 103,Nazwisko 103,email103@example.com,100016613
104,24,2405,Imie 104,Nazwisko 104,email104@example.com,100016576
105,146,1955,Imie 105,Nazwisko 105,email105@example.com,100018995
106,113,9762,Imie 106,Nazwisko 106,email106@example.com,100000731
107,61,8192,Imie 107,Nazwisko 107,email107@example.com,100011217
108,159,7499,Imie 108,Nazwisko 108,email108@example.com,100032089
109,61,8930,Imie 109,Nazwisko 109,email109@example.com,100027921
110,189,1723,Imie 110,Nazwisko 110,email110@example.com,100023810
111,130,642,Imie 111,Nazwisko 111,email111@example.com,100007333
112,73,1329,Imie 112,Nazwisko 112,email112@example.com,100015902
113,89,3885,Imie 113,Nazwisko 113,email113@example.com,100000503
114,195,5266,Imie 114,Nazwisko 114,email114@example.com,100031937
115,179,6881,Imie 115,Nazwisko 115,email115@example.com,100011257
116,75,1743,Imie 116,Nazwisko 116,email116@example.com,100030032
117,178,4612,Imie 117,Nazwisko 117,email117@example.com,100009607
118,35,5520,Imie 118,Nazwisko 118,email118@example.com,100015035
119,24,1158,Imie 119,Nazwisko 119,email119@example.com,100023473
120,170,2751,Imie 120,Nazwisko 120,email120@example.com,100005415
121,130,3045,Imie 121,Nazwisko 121,email121@example.com,100007302
122,6,3379,Imie 122,Nazwisko 122,email122@example.com,100005879
123,55,1158,Imie 123,Nazwisko 123,email123@example.com,100005434
124,110,563,Imie 124,Nazwisko 124,email124@example.com,100003962
125,73,8009,Imie 125,Nazwisko 125,email125@example.com,100027832
126,145,7353,Imie 126,Nazwisko 126,email126@example.com,100027049
127,151,1170,Imie 127,Nazwisko 127,email127@example.com,100005125
128,92,8596,Imie 128,Nazwisko 128,email128@example.com,100027312
129,152,9698,Imie 129,Nazwisko 129,email129@example.com,100014331
130,100,5918,Imie 130,Nazwisko 130,email130@example.com,100005954
131,64,5503,Imie 131,Nazwisko 131,email131@example.com,100030788
132,42,9677,Imie 132,Nazwisko 132,email132@example.com,100006118
133,161,4483,Imie 133,Nazwisko 133,email133@example.com,100013730
134,68,1252,Imie 134,Nazwisko 134,email134@example.com,100005049
135,137,5122,Imie 135,Nazwisko 135,email135@example.com,100032228
136,126,3464,Imie 136,Nazwisko 136,email136@example.com,100030304
137,154,9071,Imie 137,Nazwisko 137,email137@example.com,100026132
138,188,7185,Imie 138,Nazwisko 138,email138@example.com,100016667
139,154,6224,Imie 139,Nazwisko 139,email139@example.com,100005066
140,176,6247,Imie 140,Nazwisko 140,email140@example.com,100012341
141,146,3685,Imie 141,Nazwisko 141,email141@example.com,100023716
142,10,7341,Imie 142,Nazwisko 142,email142@example.com,100030032
143,44,9860,Imie 143,Nazwisko 143,email143@example.com,100020305
144,41,9462,Imie 144,Nazwisko 144,email144@example.com,100023606
145,59,331,Imie 145,Nazwisko 145,email145@example.com,100015282
146,96,2444,Imie 146,Nazwisko 146,email146@example.com,100013103
147,150,4113,Imie 147,Nazwisko 147,email147@example.com,100030722
148,10,8527,Imie 148,Nazwisko 148,email148@example.com,100004382
149,185,3866,Imie 149,Nazwisko 149,email149@example.com,100016130
150,25,8760,Imie 150,Nazwisko 150,email150@example.com,100025285
151,57,2842,Imie 151,Nazwisko 151,email151@example.com,100010133
152,25,47,Imie 152,Nazwisko 152,email152@example.com,100022016
153,169,5595,Imie 153,Nazwisko 153,email153@example.com,100028763
154,110,5587,Imie 154,Nazwisko 154,email154@example.com,100005345
155,134,8208,Imie 155,Nazwisko 155,email155@example.com,100014887
156,153,56,Imie 156,Nazwisko 156,email156@example.com,100007148
157,190,1120,Imie 157,Nazwisko 157,email157@example.com,100025187
158,113,6061,Imie 158,Nazwisko 158,email158@example.com,100007651
159,79,2523,Imie 159,Nazwisko 159,email159@example.com,100002749
160,144,4117,Imie 160,Nazwisko 160,email160@example.com,100011491
161,96,4948,Imie 161,Nazwisko 161,email161@example.com,100003513
162,65,9649,Imie 162,Nazwisko 162,email162@example.com,100005061
163,172,4491,Imie 163,Nazwisko 163,email163@example.com,100014329
164,150,4725,Imie 164,Nazwisko 164,email164@example.com,100015356
165,143,2951,Imie 165,Nazwisko 165,email165@example.com,100011348
166,190,5077,Imie 166,Nazwisko 166,email166@example.com,100031593
167,39,912,Imie 167,Nazwisko 167,email167@example.com,100027931
168,12,3587,Imie 168,Nazwisko 168,email168@example.com,100000727
169,79,7492,Imie 169,Nazwisko 169,email169@example.com,100012059
170,175,3729,Imie 170,Nazwisko 170,email170@example.com,100012581
171,26,3384,Imie 171,Nazwisko 171,email171@example.com,100027450
172,35,7475,Imie 172,Nazwisko 172,email172@example.com,100006210
173,116,1252,Imie 173,Nazwisko 173,email173@example.com,100010692
174,121,2288,Imie 174,Nazwisko 174,email174@example.com,100022668
175,88,4921,Imie 175,Nazwisko 175,email175@example.com,100020162
176,135,1826,Imie 176,Nazwisko 176,email176@example.com,100027690
177,104,712,Imie 177,Nazwisko 177,email177@example.com,100020721
178,187,1253,Imie 178,Nazwisko 178,email178@example.com,100024445
179,105,2176,Imie 179,Nazwisko 179,email179@example.com,100019761
180,34,3710,Imie 180,Nazwisko 180,email180@example.com,100005316
181,58,7458,Imie 181,Nazwisko 181,email181@example.com,100026248
182,151,1504,Imie 182,Nazwisko 182,email182@example.com,100024689
183,186,8184,Imie 183,Nazwisko 183,email183@example.com,100026381
184,140,4963,Imie 184,Nazwisko 184,email184@example.com,100022779
185,146,9093,Imie 185,Nazwisko 185,email185@example.com,100012370
186,194,7234,Imie 186,Nazwisko 186,email186@example.com,100028673
187,164,7933,Imie 187,Nazwisko 187,email187@example.com,100018984
188,178,3720,Imie 188,Nazwisko 188,email188@example.com,100009243
189,66,7550,Imie 189,Nazwisko 189,email189@example.com,100021718
190,55,2333,Imie 190,Nazwisko 190,email190@example.com,100008630
191,100,9523,Imie 191,Nazwisko 191,email191@example.com,100024599
192,78,6825,Imie 192,Nazwisko 192,email192@example.com,100020158
193,48,2306,Imie 193,Nazwisko 193,email193@example.com,100014967
194,24,1952,Imie 194,Nazwisko 194,email194@example.com,100020500
195,180,2594,Imie 195,Nazwisko 195,email195@example.com,100017647
196,80,5831,Imie 196,Nazwisko 196,email196@example.com,100026871
197,162,8168,Imie 197,Nazwisko 197,email197@example.com,100017612
198,197,8449,Imie 198,Nazwisko 198,email198@example.com,100029672
199,17,4660,Imie 199,Nazwisko 199,email199@example.com,100008770
200,146,6286,Imie 200,Nazwisko 200,email200@example.com,100029116
201,25,7545,Imie 201,Nazwisko 201,email201@example.com,100003135
202,106,5340,Imie 202,Nazwisko 202,email202@example.com,100005840
203,148,8529,Imie 203,Nazwisko 203,email203@example.com,100010841
204,185,6870,Imie 204,Nazwisko 204,email204@example.com,100010137
205,57,439,Imie 205,Nazwisko 205,email205@example.com,100027625
206,75,8715,Imie 206,Nazwisko 206,email206@example.com,100011532
207,21,2250,Imie 207,Nazwisko 207,email207@example.com,100012210
208,186,7004,Imie 208,Nazwisko 208,email208@example.com,100024210
209,128,1452,Imie 209,Nazwisko 209,email209@example.com,100000427
210,179,7159,Imie 210,Nazwisko 210,email210@example.com,100025219
211,45,1204,Imie 211,Nazwisko 211,email211@example.com,100005308
212,51,3953,Imie 212,Nazwisko 212,email212@example.com,100001880
213,189,9812,Imie 213,Nazwisko 213,email213@example.com,100031888
214,69,8559,Imie 214,Nazwisko 214,email214@example.com,100010008
215,106,7175,Imie 215,Nazwisko 215,email215@example.com,100004049
216,19,2963,Imie 216,Nazwisko 216,email216@example.com,100021424
217,107,9564,Imie 217,Nazwisko 217,email217@example.com,100021858
218,97,1270,Imie 218,Nazwisko 218,email218@example.com,100001582
219,185,3559,Imie 219,Nazwisko 219,email219@example.com,100032628
220,155,1003,Imie 220,Nazwisko 220,email220@example.com,100009247
221,79,1916,Imie 221,Nazwisko 221,email221@example.com,100019850
222,107,8834,Imie 222,Nazwisko 222,email222@example.com,100005497
223,87,7538,Imie 223,Nazwisko 223,email223@example.com,100019147
224,46,2568,Imie 224,Nazwisko 224,email224@example.com,100010970
225,174,4738,Imie 225,Nazwisko 225,email225@example.com,100020525
226,183,7843,Imie 226,Nazwisko 226,email226@example.com,100001799
227,41,5162,Imie 227,Nazwisko 227,email227@example.com,100002654
228,198,8730,Imie 228,Nazwisko 228,email228@example.com,100028652
229,187,3984,Imie 229,Nazwisko 229,email229@example.com,100004483
230,113,9232,Imie 230,Nazwisko 230,email230@example.com,100010893
231,189,4453,Imie 231,Nazwisko 231,email231@example.com,100029969
232,40,3442,Imie 232,Nazwisko 232,email232@example.com,100008872
233,120,3720,Imie 233,Nazwisko 233,email233@example.com,100002169
234,195,6440,Imie 234,Nazwisko 234,email234@example.com,100027126
235,25,9250,Imie 235,Nazwisko 235,email235@example.com,100019807
236,74,7640,Imie 236,Nazwisko 236,email236@example.com,100025681
237,67,1670,Imie 237,Nazwisko 237,email237@example.com,100007818
238,160,5336,Imie 238,Nazwisko 238,email238@example.com,100003369
239,187,622,Imie 239,Nazwisko 239,email239@example.com,100019160
240,68,9181,Imie 240,Nazwisko 240,email240@example.com,100030727
241,195,366,Imie 241,Nazwisko 241,email241@example.com,100012762
242,144,1961,Imie 242,Nazwisko 242,email242@example.com,100020761
243,105,4535,Imie 243,Nazwisko 243,email243@example.com,100015325
244,124,5138,Imie 244,Nazwisko 244,email244@example.com,100001012
245,115,9735,Imie 245,Nazwisko 245,email245@example.com,100017811
246,172,4685,Imie 246,Nazwisko 246,email246@example.com,100007698
247,162,2160,Imie 247,Nazwisko 247,email247@example.com,100023449
248,46,9577,Imie 248,Nazwisko 248,email248@example.com,100020408
249,30,5496,Imie 249,Nazwisko 249,email249@example.com,100031876
250,115,5289,Imie 250,Nazwisko 250,email250@example.com,100026946
251,68,9813,Imie 251,Nazwisko 251,email251@example.com,100006210
252,138,571,Imie 252,Nazwisko 252,email252@example.com,100011281
253,75,2145,Imie 253,Nazwisko 253,email253@example.com,100014839
254,77,4789,Imie 254,Nazwisko 254,email254@example.com,100003461
255,55,4288,Imie 255,Nazwisko 255,email255@example.com,100017809
256,111,1097,Imie 256,Nazwisko 256,email256@example.com,100028622
257,36,4909,Imie 257,Nazwisko 257,email257@example.com,100001233
258,40,1442,Imie 258,Nazwisko 258,email258@example.com,100010102
259,139,1821,Imie 259,Nazwisko 259,email259@example.com,100030591
260,33,9447,Imie 260,Nazwisko 260,email260@example.com,100013813
261,186,7557,Imie 261,Nazwisko 261,email261@example.com,100002288
262,32,4619,Imie 262,Nazwisko 262,email262@example.com,100016562
263,190,9659,Imie 263,Nazwisko 263,email263@example.com,100000320
264,46,9767,Imie 264,Nazwisko 264,email264@example.com,100018738
265,84,5735,Imie 265,Nazwisko 265,email265@example.com,100021185
266,84,5023,Imie 266,Nazwisko 266,email266@example.com,100022125
267,96,1876,Imie 267,Nazwisko 267,email267@example.com,100021636
268,174,8370,Imie 268,Nazwisko 268,email268@example.com,100026754
269,112,8681,Imie 269,Nazwisko 269,email269@example.com,100008479
270,198,6350,Imie 270,Nazwisko 270,email270@example.com,100001850
271,179,6701,Imie 271,Nazwisko 271,email271@example.com,100015596
272,35,2604,Imie 272,Nazwisko 272,email272@example.com,100020768
273,161,2200,Imie 273,Nazwisko 273,email273@example.com,100026995
274,170,403,Imie 274,Nazwisko 274,email274@example.com,100029719
275,149,2544,Imie 275,Nazwisko 275,email275@example.com,100013259
276,182,9593,Imie 276,Nazwisko 276,email276@example.com,100014768
277,74,5509,Imie 277,Nazwisko 277,email277@example.com,100027145
278,122,1202,Imie 278,Nazwisko 278,email278@example.com,100008375
279,177,7833,Imie 279,Nazwisko 279,email279@example.com,100018462
280,12,395,Imie 280,Nazwisko 280,email280@example.com,100010922
281,177,6769,Imie 281,Nazwisko 281,email281@example.com,100026287
282,129,5986,Imie 282,Nazwisko 282,email282@example.com,100024339
283,118,4624,Imie 283,Nazwisko 283,email283@example.com,100022220
284,153,1998,Imie 284,Nazwisko 284,email284@example.com,100024584
285,112,6711,Imie 285,Nazwisko 285,email285@example.com,100027540
286,174,4908,Imie 286,Nazwisko 286,email286@example.com,100004659
287,173,2614,Imie 287,Nazwisko 287,email287@example.com,100003873
288,18,1157,Imie 288,Nazwisko 288,email288@example.com,100008242
289,48,5178,Imie 289,Nazwisko 289,email289@example.com,100012894
290,10,7045,Imie 290,Nazwisko 290,email290@example.com,100021560
291,89,6467,Imie 291,Nazwisko 291,email291@example.com,100032648
292,176,9382,Imie 292,Nazwisko 292,email292@example.com,100013353
293,176,2129,Imie 293,Nazwisko 293,email293@example.com,100001420
294,20,2824,Imie 294,Nazwisko 294,email294@example.com,100019373
295,170,3070,Imie 295,Nazwisko 295,email295@example.com,100009864
296,131,7268,Imie 296,Nazwisko 296,email296@example.com,100027890
297,93,9167,Imie 297,Nazwisko 297,email297@example.com,100015886
298,28,4792,Imie 298,Nazwisko 298,email298@example.com,100015375
299,98,1469,Imie 299,Nazwisko 299,email299@example.com,100017409
300,53,7932,Imie 300,Nazwisko 300,email300@example.com,100025157
301,138,215,Imie 301,Nazwisko 301,email301@example.com,100014114
302,87,9749,Imie 302,Nazwisko 302,email302@example.com,100007577
303,141,9503,Imie 303,Nazwisko 303,email303@example.com,100026278
304,184,4354,Imie 304,Nazwisko 304,email304@example.com,100022134
305,170,1392,Imie 305,Nazwisko 305,email305@example.com,100021616
306,66,1869,Imie 306,Nazwisko 306,email306@example.com,100018516
307,147,7112,Imie 307,Nazwisko 307,email307@example.com,100029117
308,113,8861,Imie 308,Nazwisko 308,email308@example.com,100027554
309,19,7028,Imie 309,Nazwisko 309,email309@example.com,100030313
310,122,7686,Imie 310,Nazwisko 310,email310@example.com,100032351
311,128,9548,Imie 311,Nazwisko 311,email311@example.com,100005910
312,159,7681,Imie 312,Nazwisko 312,email312@example.com,100005662
313,38,5726,Imie 313,Nazwisko 313,email313@example.com,100030940
314,138,5769,Imie 314,Nazwisko 314,email314@example.com,100024954
315,70,5727,Imie 315,Nazwisko 315,email315@example.com,100000329
316,46,2380,Imie 316,Nazwisko 316,email316@example.com,100030748
317,21,5700,Imie 317,Nazwisko 317,email317@example.com,100006105
318,77,7696,Imie 318,Nazwisko 318,email318@example.com,100008153
319,57,475,Imie 319,Nazwisko 319,email319@example.com,100010803
320,120,931,Imie 320,Nazwisko 320,email320@example.com,100004767
321,20,2067,Imie 321,Nazwisko 321,email321@example.com,100022218
322,62,1892,Imie 322,Nazwisko 322,email322@example.com,100025638
323,171,659,Imie 323,Nazwisko 323,email323@example.com,100006578
324,13,222,Imie 324,Nazwisko 324,email324@example.com,100030624
325,171,5946,Imie 325,Nazwisko 325,email325@example.com,100017870
326,45,7553,Imie 326,Nazwisko 326,email326@example.com,100021719
327,162,7063,Imie 327,Nazwisko 327,email327@example.com,100002207
328,41,1857,Imie 328,Nazwisko 328,email328@example.com,100027008
329,147,2056,Imie 329,Nazwisko 329,email329@example.com,100016728
330,172,1323,Imie 330,Nazwisko 330,email330@example.com,100011954
331,199,135,Imie 331,Nazwisko 331,email331@example.com,100009228
332,142,8877,Imie 332,Nazwisko 332,email332@example.com,100005041
333,160,8329,Imie 333,Nazwisko 333,email333@example.com,100002056
334,90,1781,Imie 334,Nazwisko 334,email334@example.com,100018077
335,128,3165,Imie 335,Nazwisko 335,email335@example.com,100027839
336,27,9879,Imie 336,Nazwisko 336,email336@example.com,100018592
337,158,2079,Imie 337,Nazwisko 337,email337@example.com,100017097
338,191,2079,Imie 338,Nazwisko 338,email338@example.com,100032425
339,161,3318,Imie 339,Nazwisko 339,email339@example.com,100028397
340,165,6471,Imie 340,Nazwisko 340,email340@example.com,100028900
341,71,4733,Imie 341,Nazwisko 341,email341@example.com,100023339
342,169,273,Imie 342,Nazwisko 342,email342@example.com,100031329
343,70,5009,Imie 343,Nazwisko 343,email343@example.com,100020026
344,133,9924,Imie 344,Nazwisko 344,email344@example.com,100006060
345,124,6105,Imie 345,Nazwisko 345,email345@example.com,100015362
346,198,6149,Imie 346,Nazwisko 346,email346@example.com,100007759
347,93,8522,Imie 347,Nazwisko 347,email347@example.com,100025073
348,193,9726,Imie 348,Nazwisko 348,email348@example.com,100016486
349,170,8673,Imie 349,Nazwisko 349,email349@example.com,100022591
350,2,2682,Imie 350,Nazwisko 350,email350@example.com,100009936
351,138,8184,Imie 351,Nazwisko 351,email351@example.com,100023936
352,14,3132,Imie 352,Nazwisko 352,email352@example.com,100029100
353,47,1790,Imie 353,Nazwisko 353,email353@example.com,100005133
354,114,4023,Imie 354,Nazwisko 354,email354@example.com,100025112
355,170,5765,Imie 355,Nazwisko 355,email355@example.com,100016694
356,190,4568,Imie 356,Nazwisko 356,email356@example.com,100008563
357,101,8872,Imie 357,Nazwisko 357,email357@example.com,100027695
358,9,9068,Imie 358,Nazwisko 358,email358@example.com,100022920
359,13,4669,Imie 359,Nazwisko 359,email359@example.com,100003903
360,94,3976,Imie 360,Nazwisko 360,email360@example.com,100028277
361,6,2138,Imie 361,Nazwisko 361,email361@example.com,100030617
362,147,4832,Imie 362,Nazwisko 362,email362@example.com,100030254
363,166,3178,Imie 363,Nazwisko 363,email363@example.com,100000222
364,66,7438,Imie 364,Nazwisko 364,email364@example.com,100021214
365,138,3927,Imie 365,Nazwisko 365,email365@example.com,100008012
366,8,5254,Imie 366,Nazwisko 366,email366@example.com,100027805
367,13,6942,Imie 367,Nazwisko 367,email367@example.com,100014317
368,148,1922,Imie 368,Nazwisko 368,email368@example.com,100015414
369,85,9788,Imie 369,Nazwisko 369,email369@example.com,100010358
370,130,769,Imie 370,Nazwisko 370,email370@example.com,100031726
371,87,514,Imie 371,Nazwisko 371,email371@example.com,100010386
372,50,9630,Imie 372,Nazwisko 372,email372@example.com,100013454
373,60,4072,Imie 373,Nazwisko 373,email373@example.com,100027849
374,41,7819,Imie 374,Nazwisko 374,email374@example.com,100019478
375,12,4270,Imie 375,Nazwisko 375,email375@example.com,100014147
376,31,2283,Imie 376,Nazwisko 376,email376@example.com,100002285
377,106,4104,Imie 377,Nazwisko 377,email377@example.com,100023834
378,182,6048,Imie 378,Nazwisko 378,email378@example.com,100030570
379,186,986,Imie 379,Nazwisko 379,email379@example.com,100018172
380,4,6795,Imie 380,Nazwisko 380,email380@example.com,100006397
381,70,6806,Imie 381,Nazwisko 381,email381@example.com,100010814
382,102,4881,Imie 382,Nazwisko 382,email382@example.com,100002927
383,96,3940,Imie 383,Nazwisko 383,email383@example.com,100013246
384,111,3304,Imie 384,Nazwisko 384,email384@example.com,100015345
385,17,4724,Imie 385,Nazwisko 385,email385@example.com,100012321
386,176,2726,Imie 386,Nazwisko 386,email386@example.com,100003302
387,30,6353,Imie 387,Nazwisko 387,email387@example.com,100030026
388,148,7003,Imie 388,Nazwisko 388,email388@example.com,100026297
389,133,3013,Imie 389,Nazwisko 389,email389@example.com,100032551
390,154,3123,Imie 390,Nazwisko 390,email390@example.com,100019223
391,155,8504,Imie 391,Nazwisko 391,email391@example.com,100026142
392,27,2430,Imie 392,Nazwisko 392,email392@example.com,100032616
393,151,4077,Imie 393,Nazwisko 393,email393@example.com,100008134
394,169,5711,Imie 394,Nazwisko 394,email394@example.com,100003677
395,168,4636,Imie 395,Nazwisko 395,email395@example.com,100027312
396,145,7366,Imie 396,Nazwisko 396,email396@example.com,100002532
397,199,5689,Imie 397,Nazwisko 397,email397@example.com,100027748
398,175,8464,Imie 398,Nazwisko 398,email398@example.com,100028146
399,19,7979,Imie 399,Nazwisko 399,email399@example.com,100029929
400,83,4364,Imie 400,Nazwisko 400,email400@example.com,100006608
401,200,9745,Imie 401,Nazwisko 401,email401@example.com,100007534
402,82,5708,Imie 402,Nazwisko 402,email402@example.com,100022779
403,22,4020,Imie 403,Nazwisko 403,email403@example.com,100008164
404,39,4763,Imie 404,Nazwisko 404,email404@example.com,100013750
405,124,4876,Imie 405,Nazwisko 405,email405@example.com,100025528
406,177,8508,Imie 406,Nazwisko 406,email406@example.com,100007894
407,74,5277,Imie 407,Nazwisko 407,email407@example.com,100024552
408,125,9984,Imie 408,Nazwisko 408,email408@example.com,100006009
409,178,84,Imie 409,Nazwisko 409,email409@example.com,100011548
410,48,4561,Imie 410,Nazwisko 410,email410@example.com,100000674
411,118,8757,Imie 411,Nazwisko 411,email411@example.com,100000674
412,110,2797,Imie 412,Nazwisko 412,email412@example.com,100030201
413,43,6283,Imie 413,Nazwisko 413,email413@example.com,100028493
414,32,1404,Imie 414,Nazwisko 414,email414@example.com,100009744
415,165,8295,Imie 415,Nazwisko 415,email415@example.com,100031654
416,66,2590,Imie 416,Nazwisko 416,email416@example.com,100017414
417,177,941,Imie 417,Nazwisko 417,email417@example.com,100005371
418,144,6393,Imie 418,Nazwisko 418,email418@example.com,100022376
419,30,4032,Imie 419,Nazwisko 419,email419@example.com,100014632
420,159,8559,Imie 420,Nazwisko 420,email420@example.com,100004234
421,106,2088,Imie 421,Nazwisko 421,email421@example.com,100026925
422,24,2029,Imie 422,Nazwisko 422,email422@example.com,100003806
423,102,3537,Imie 423,Nazwisko 423,email423@example.com,100031990
424,151,8862,Imie 424,Nazwisko 424,email424@example.com,100029682
425,52,1160,Imie 425,Nazwisko 425,email425@example.com,100007386
426,143,3456,Imie 426,Nazwisko 426,email426@example.com,100010005
427,36,55,Imie 427,Nazwisko 427,email427@example.com,100030136
428,91,3326,Imie 428,Nazwisko 428,email428@example.com,100014044
429,153,2839,Imie 429,Nazwisko 429,email429@example.com,100017096
430,169,3500,Imie 430,Nazwisko 430,email430@example.com,100007412
431,83,234,Imie 431,Nazwisko 431,email431@example.com,100005228
432,39,5612,Imie 432,Nazwisko 432,email432@example.com,100007687
433,45,9636,Imie 433,Nazwisko 433,email433@example.com,100023977
434,167,374,Imie 434,Nazwisko 434,email434@example.com,100025256
435,62,3429,Imie 435,Nazwisko 435,email435@example.com,100023067
436,102,278,Imie 436,Nazwisko 436,email436@example.com,100001910
437,110,6451,Imie 437,Nazwisko 437,email437@example.com,100023667
438,121,3244,Imie 438,Nazwisko 438,email438@example.com,100004601
439,159,5558,Imie 439,Nazwisko 439,email439@example.com,100006624
440,166,5544,Imie 440,Nazwisko 440,email440@example.com,100017638
441,91,4101,Imie 441,Nazwisko 441,email441@example.com,100008447
442,15,2656,Imie 442,Nazwisko 442,email442@example.com,100002513
443,120,4518,Imie 443,Nazwisko 443,email443@example.com,100027419
444,6,617,Imie 444,Nazwisko 444,email444@example.com,100024434
445,80,4904,Imie 445,Nazwisko 445,email445@example.com,100027877
446,48,2085,Imie 446,Nazwisko 446,email446@example.com,100017161
447,86,6921,Imie 447,Nazwisko 447,email447@example.com,100018417
448,78,7734,Imie 448,Nazwisko 448,email448@example.com,100012420
449,129,4673,Imie 449,Nazwisko 449,email449@example.com,100020630
450,97,5288,Imie 450,Nazwisko 450,email450@example.com,100026742
451,179,3609,Imie 451,Nazwisko 451,email451@example.com,100005126
452,119,9486,Imie 452,Nazwisko 452,email452@example.com,100031743
453,38,4824,Imie 453,Nazwisko 453,email453@example.com,100030905
454,97,3585,Imie 454,Nazwisko 454,email454@example.com,100032307
455,180,927,Imie 455,Nazwisko 455,email455@example.com,100001917
456,156,4974,Imie 456,Nazwisko 456,email456@example.com,100030633
457,142,7444,Imie 457,Nazwisko 457,email457@example.com,100030155
458,123,3275,Imie 458,Nazwisko 458,email458@example.com,100009264
459,2,9251,Imie 459,Nazwisko 459,email459@example.com,100014896
460,16,1965,Imie 460,Nazwisko 460,email460@example.com,100027614
461,79,7912,Imie 461,Nazwisko 461,email461@example.com,100023025
462,166,704,Imie 462,Nazwisko 462,email462@example.com,100016378
463,125,1093,Imie 463,Nazwisko 463,email463@example.com,100019244
464,41,5211,Imie 464,Nazwisko 464,email464@example.com,100022898
465,85,3006,Imie 465,Nazwisko 465,email465@example.com,100018720
466,193,5656,Imie 466,Nazwisko 466,email466@example.com,100006604
467,198,4300,Imie 467,Nazwisko 467,email467@example.com,100024687
468,165,1030,Imie 468,Nazwisko 468,email468@example.com,100020710
469,34,9715,Imie 469,Nazwisko 469,email469@example.com,100022384
470,58,2259,Imie 470,Nazwisko 470,email470@example.com,100014551
471,187,6063,Imie 471,Nazwisko 471,email471@example.com,100031461
472,84,5389,Imie 472,Nazwisko 472,email472@example.com,100026318
473,85,7602,Imie 473,Nazwisko 473,email473@example.com,100020924
474,144,5942,Imie 474,Nazwisko 474,email474@example.com,100002765
475,89,9682,Imie 475,Nazwisko 475,email475@example.com,100023199
476,149,665,Imie 476,Nazwisko 476,email476@example.com,100029057
477,181,2708,Imie 477,Nazwisko 477,email477@example.com,100019581
478,182,5011,Imie 478,Nazwisko 478,email478@example.com,100008883
479,22,611,Imie 479,Nazwisko 479,email479@example.com,100028501
480,92,5545,Imie 480,Nazwisko 480,email480@example.com,100031746
481,168,2615,Imie 481,Nazwisko 481,email481@example.com,100005351
482,3,2620,Imie 482,Nazwisko 482,email482@example.com,100006887
483,157,1396,Imie 483,Nazwisko 483,email483@example.com,100004382
484,155,9246,Imie 484,Nazwisko 484,email484@example.com,100006702
485,184,6030,Imie 485,Nazwisko 485,email485@example.com,100024645
486,191,2153,Imie 486,Nazwisko 486,email486@example.com,100026223
487,133,346,Imie 487,Nazwisko 487,email487@example.com,100032109
488,176,8070,Imie 488,Nazwisko 488,email488@example.com,100002599
489,6,2841,Imie 489,Nazwisko 489,email489@example.com,100021905
490,87,6712,Imie 490,Nazwisko 490,email490@example.com,100007556
491,196,2470,Imie 491,Nazwisko 491,email491@example.com,100021583
492,88,9148,Imie 492,Nazwisko 492,email492@example.com,100020224
493,129,6758,Imie 493,Nazwisko 493,email493@example.com,100019799
494,77,1445,Imie 494,Nazwisko 494,email494@example.com,100004446
495,80,7524,Imie 495,Nazwisko 495,email495@example.com,100004578
496,121,10000,Imie 496,Nazwisko 496,email496@example.com,100012457
497,41,1399,Imie 497,Nazwisko 497,email497@example.com,100025547
498,121,1547,Imie 498,Nazwisko 498,email498@example.com,100013121
499,190,930,Imie 499,Nazwisko 499,email499@example.com,100016409
500,85,8324,Imie 500,Nazwisko 500,email500@example.com,100019740
501,55,3365,Imie 501,Nazwisko 501,email501@example.com,100014631
502,171,8506,Imie 502,Nazwisko 502,email502@example.com,100006855
503,96,4562,Imie 503,Nazwisko 503,email503@example.com,100023726
504,117,7703,Imie 504,Nazwisko 504,email504@example.com,100009928
505,128,7269,Imie 505,Nazwisko 505,email505@example.com,100031818
506,157,201,Imie 506,Nazwisko 506,email506@example.com,100014191
507,89,1635,Imie 507,Nazwisko 507,email507@example.com,100012134
508,123,1493,Imie 508,Nazwisko 508,email508@example.com,100023613
509,187,5816,Imie 509,Nazwisko 509,email509@example.com,100007054
510,163,7598,Imie 510,Nazwisko 510,email510@example.com,100031078
511,82,5276,Imie 511,Nazwisko 511,email511@example.com,100003211
512,164,5663,Imie 512,Nazwisko 512,email512@example.com,100029977
513,110,5625,Imie 513,Nazwisko 513,email513@example.com,100014313
514,46,699,Imie 514,Nazwisko 514,email514@example.com,100032148
515,3,2441,Imie 515,Nazwisko 515,email515@example.com,100016295
516,21,3751,Imie 516,Nazwisko 516,email516@example.com,100028722
517,40,8290,Imie 517,Nazwisko 517,email517@example.com,100013894
518,25,7580,Imie 518,Nazwisko 518,email518@example.com,100002282
519,90,427,Imie 519,Nazwisko 519,email519@example.com,100006781
520,92,1055,Imie 520,Nazwisko 520,email520@example.com,100032516
521,123,9727,Imie 521,Nazwisko 521,email521@example.com,100002853
522,131,8255,Imie 522,Nazwisko 522,email522@example.com,100024298
523,16,7002,Imie 523,Nazwisko 523,email523@example.com,100025676
524,106,7187,Imie 524,Nazwisko 524,email524@example.com,100006748
525,32,8535,Imie 525,Nazwisko 525,email525@example.com,100007281
526,86,3652,Imie 526,Nazwisko 526,email526@example.com,100016246
527,132,1613,Imie 527,Nazwisko 527,email527@example.com,100009543
528,23,5188,Imie 528,Nazwisko 528,email528@example.com,100023621
529,128,7751,Imie 529,Nazwisko 529,email529@example.com,100021921
530,198,5445,Imie 530,Nazwisko 530,email530@example.com,100006109
531,32,1886,Imie 531,Nazwisko 531,email531@example.com,100002639
532,182,2679,Imie 532,Nazwisko 532,email532@example.com,100019250
533,143,9409,Imie 533,Nazwisko 533,email533@example.com,100018961
534,149,4263,Imie 534,Nazwisko 534,email534@example.com,100013090
535,67,3942,Imie 535,Nazwisko 535,email535@example.com,100023794
536,18,4574,Imie 536,Nazwisko 536,email536@example.com,100000621
537,108,1172,Imie 537,Nazwisko 537,email537@example.com,100000418
538,125,3090,Imie 538,Nazwisko 538,email538@example.com,100030095
539,15,4800,Imie 539,Nazwisko 539,email539@example.com,100019368
540,8,9173,Imie 540,Nazwisko 540,email540@example.com,100025535
541,176,3660,Imie 541,Nazwisko 541,email541@example.com,100019343
542,95,5518,Imie 542,Nazwisko 542,email542@example.com,100028538
543,93,1948,Imie 543,Nazwisko 543,email543@example.com,100032332
544,126,6095,Imie 544,Nazwisko 544,email544@example.com,100015968
545,163,8717,Imie 545,Nazwisko 545,email545@example.com,100013202
546,171,319,Imie 546,Nazwisko 546,email546@example.com,100021333
547,93,3297,Imie 547,Nazwisko 547,email547@example.com,100013016
548,131,8130,Imie 548,Nazwisko 548,email548@example.com,100005920
549,110,3036,Imie 549,Nazwisko 549,email549@example.com,100030007
550,24,3506,Imie 550,Nazwisko 550,email550@example.com,100006907
551,91,6616,Imie 551,Nazwisko 551,email551@example.com,100024165
552,160,6897,Imie 552,Nazwisko 552,email552@example.com,100032214
553,92,4638,Imie 553,Nazwisko 553,email553@example.com,100002431
554,38,1496,Imie 554,Nazwisko 554,email554@example.com,100026681
555,86,8871,Imie 555,Nazwisko 555,email555@example.com,100003681
556,31,7609,Imie 556,Nazwisko 556,email556@example.com,100007177
557,122,2948,Imie 557,Nazwisko 557,email557@example.com,100010936
558,145,739,Imie 558,Nazwisko 558,email558@example.com,100027803
559,51,570,Imie 559,Nazwisko 559,email559@example.com,100001554
560,139,6047,Imie 560,Nazwisko 560,email560@example.com,100026845
561,113,4694,Imie 561,Nazwisko 561,email561@example.com,100027291
562,24,7696,Imie 562,Nazwisko 562,email562@example.com,100025721
563,146,4472,Imie 563,Nazwisko 563,email563@example.com,100021578
564,199,6600,Imie 564,Nazwisko 564,email564@example.com,100011839
565,105,398,Imie 565,Nazwisko 565,email565@example.com,100013990
566,14,4532,Imie 566,Nazwisko 566,email566@example.com,100028992
567,135,516,Imie 567,Nazwisko 567,email567@example.com,100023915
568,19,8152,Imie 568,Nazwisko 568,email568@example.com,100019283
569,105,9848,Imie 569,Nazwisko 569,email569@example.com,100026299
570,176,2441,Imie 570,Nazwisko 570,email570@example.com,100024324
571,28,4033,Imie 571,Nazwisko 571,email571@example.com,100005534
572,43,688,Imie 572,Nazwisko 572,email572@example.com,100024605
573,173,8984,Imie 573,Nazwisko 573,email573@example.com,100012793
574,112,9931,Imie 574,Nazwisko 574,email574@example.com,100008518
575,61,4012,Imie 575,Nazwisko 575,email575@example.com,100026447
576,193,2146,Imie 576,Nazwisko 576,email576@example.com,100020079
577,128,9372,Imie 577,Nazwisko 577,email577@example.com,100009690
578,1,302,Imie 578,Nazwisko 578,email578@example.com,100004866
579,100,2020,Imie 579,Nazwisko 579,email579@example.com,100000491
580,198,6727,Imie 580,Nazwisko 580,email580@example.com,100015378
581,138,2243,Imie 581,Nazwisko 581,email581@example.com,100031630
582,179,7363,Imie 582,Nazwisko 582,email582@example.com,100017916
583,127,2252,Imie 583,Nazwisko 583,email583@example.com,100003293
584,84,4163,Imie 584,Nazwisko 584,email584@example.com,100000567
585,75,6573,Imie 585,Nazwisko 585,email585@example.com,100026518
586,176,5740,Imie 586,Nazwisko 586,email586@example.com,100027979
587,71,67,Imie 587,Nazwisko 587,email587@example.com,100031429
588,119,1159,Imie 588,Nazwisko 588,email588@example.com,100013855
589,40,245,Imie 589,Nazwisko 589,email589@example.com,100016291
590,79,7148,Imie 590,Nazwisko 590,email590@example.com,100012069
591,82,6723,Imie 591,Nazwisko 591,email591@example.com,100030970
592,68,680,Imie 592,Nazwisko 592,email592@example.com,100014089
593,158,9019,Imie 593,Nazwisko 593,email593@example.com,100004784
594,152,7746,Imie 594,Nazwisko 594,email594@example.com,100027116
595,20,1960,Imie 595,Nazwisko 595,email595@example.com,100014147
596,114,3502,Imie 596,Nazwisko 596,email596@example.com,100027996
597,53,4966,Imie 597,Nazwisko 597,email597@example.com,100003933
598,96,871,Imie 598,Nazwisko 598,email598@example.com,100014457
599,114,1875,Imie 599,Nazwisko 599,email599@example.com,100000976
600,191,7888,Imie 600,Nazwisko 600,email600@example.com,100010004
601,192,2457,Imie 601,Nazwisko 601,email601@example.com,100021646
602,55,7959,Imie 602,Nazwisko 602,email602@example.com,100016808
603,55,1231,Imie 603,Nazwisko 603,email603@example.com,100030590
604,133,542,Imie 604,Nazwisko 604,email604@example.com,100015729
605,106,2308,Imie 605,Nazwisko 605,email605@example.com,100002116
606,24,8557,Imie 606,Nazwisko 606,email606@example.com,100007971
607,178,9970,Imie 607,Nazwisko 607,email607@example.com,100011851
608,87,7487,Imie 608,Nazwisko 608,email608@example.com,100028638
609,91,9230,Imie 609,Nazwisko 609,email609@example.com,100020666
610,184,722,Imie 610,Nazwisko 610,email610@example.com,100026483
611,96,2632,Imie 611,Nazwisko 611,email611@example.com,100018455
612,126,3101,Imie 612,Nazwisko 612,email612@example.com,100008223
613,44,129,Imie 613,Nazwisko 613,email613@example.com,100003011
614,18,2071,Imie 614,Nazwisko 614,email614@example.com,100010051
615,38,3020,Imie 615,Nazwisko 615,email615@example.com,100011677
616,144,4254,Imie 616,Nazwisko 616,email616@example.com,100023486
617,87,5925,Imie 617,Nazwisko 617,email617@example.com,100024675
618,1,3857,Imie 618,Nazwisko 618,email618@example.com,100022006
619,163,4088,Imie 619,Nazwisko 619,email619@example.com,100021936
620,50,2260,Imie 620,Nazwisko 620,email620@example.com,100024247
621,170,3985,Imie 621,Nazwisko 621,email621@example.com,100001707
622,79,1109,Imie 622,Nazwisko 622,email622@example.com,100004460
623,92,7518,Imie 623,Nazwisko 623,email623@example.com,100001721
624,92,8327,Imie 624,Nazwisko 624,email624@example.com,100031585
625,182,9983,Imie 625,Nazwisko 625,email625@example.com,100025049
626,21,2453,Imie 626,Nazwisko 626,email626@example.com,100011536
627,79,9127,Imie 627,Nazwisko 627,email627@example.com,100020592
628,61,7090,Imie 628,Nazwisko 628,email628@example.com,100005023
629,11,9519,Imie 629,Nazwisko 629,email629@example.com,100018607
630,91,330,Imie 630,Nazwisko 630,email630@example.com,100024613
631,36,1803,Imie 631,Nazwisko 631,email631@example.com,100014809
632,192,4364,Imie 632,Nazwisko 632,email632@example.com,100003912
633,95,622,Imie 633,Nazwisko 633,email633@example.com,100006162
634,193,6754,Imie 634,Nazwisko 634,email634@example.com,100008017
635,89,4257,Imie 635,Nazwisko 635,email635@example.com,100024450
636,175,1384,Imie 636,Nazwisko 636,email636@example.com,100031699
637,80,231,Imie 637,Nazwisko 637,email637@example.com,100027623
638,174,140,Imie 638,Nazwisko 638,email638@example.com,100028010
639,149,6217,Imie 639,Nazwisko 639,email639@example.com,100032250
640,142,5855,Imie 640,Nazwisko 640,email640@example.com,100016710
641,133,9626,Imie 641,Nazwisko 641,email641@example.com,100006698
642,185,754,Imie 642,Nazwisko 642,email642@example.com,100012159
643,120,663,Imie 643,Nazwisko 643,email643@example.com,100009364
644,114,28,Imie 644,Nazwisko 644,email644@example.com,100006240
645,84,828,Imie 645,Nazwisko 645,email645@example.com,100019535
646,141,1574,Imie 646,Nazwisko 646,email646@example.com,100020521
647,114,2498,Imie 647,Nazwisko 647,email647@example.com,100003165
648,131,1401,Imie 648,Nazwisko 648,email648@example.com,100011780
649,167,5551,Imie 649,Nazwisko 649,email649@example.com,100021213
650,122,4433,Imie 650,Nazwisko 650,email650@example.com,100015891
651,185,8701,Imie 651,Nazwisko 651,email651@example.com,100020314
652,71,2857,Imie 652,Nazwisko 652,email652@example.com,100008168
653,169,1041,Imie 653,Nazwisko 653,email653@example.com,100003911
654,105,9112,Imie 654,Nazwisko 654,email654@example.com,100004551
655,126,5525,Imie 655,Nazwisko 655,email655@example.com,100031750
656,65,9990,Imie 656,Nazwisko 656,email656@example.com,100015998
657,192,5466,Imie 657,Nazwisko 657,email657@example.com,100004109
658,23,544,Imie 658,Nazwisko 658,email658@example.com,100026299
659,74,2252,Imie 659,Nazwisko 659,email659@example.com,100016650
660,105,6443,Imie 660,Nazwisko 660,email660@example.com,100016419
661,76,6546,Imie 661,Nazwisko 661,email661@example.com,100015123
662,133,2051,Imie 662,Nazwisko 662,email662@example.com,100013211
663,14,900,Imie 663,Nazwisko 663,email663@example.com,100011582
664,148,997,Imie 664,Nazwisko 664,email664@example.com,100020870
665,167,8433,Imie 665,Nazwisko 665,email665@example.com,100008769
666,110,3348,Imie 666,Nazwisko 666,email666@example.com,100011736
667,153,2479,Imie 667,Nazwisko 667,email667@example.com,100016352
668,159,614,Imie 668,Nazwisko 668,email668@example.com,100012122
669,101,9899,Imie 669,Nazwisko 669,email669@example.com,100024155
670,42,1680,Imie 670,Nazwisko 670,email670@example.com,100001136
671,62,1494,Imie 671,Nazwisko 671,email671@example.com,100017683
672,7,6586,Imie 672,Nazwisko 672,email672@example.com,100013630
673,126,3290,Imie 673,Nazwisko 673,email673@example.com,100003105
674,90,4213,Imie 674,Nazwisko 674,email674@example.com,100032255
675,141,376,Imie 675,Nazwisko 675,email675@example.com,100015002
676,92,1198,Imie 676,Nazwisko 676,email676@example.com,100003563
677,194,5181,Imie 677,Nazwisko 677,email677@example.com,100018346
678,117,6376,Imie 678,Nazwisko 678,email678@example.com,100017926
679,24,1077,Imie 679,Nazwisko 679,email679@example.com,100014549
680,182,5437,Imie 680,Nazwisko 680,email680@example.com,100028832
681,13,9696,Imie 681,Nazwisko 681,email681@example.com,100016893
682,34,690,Imie 682,Nazwisko 682,email682@example.com,100030074
683,129,2107,Imie 683,Nazwisko 683,email683@example.com,100007163
684,88,5805,Imie 684,Nazwisko 684,email684@example.com,100006090
685,67,1598,Imie 685,Nazwisko 685,email685@example.com,100019696
686,125,1436,Imie 686,Nazwisko 686,email686@example.com,100008848
687,83,2895,Imie 687,Nazwisko 687,email687@example.com,100027033
688,124,570,Imie 688,Nazwisko 688,email688@example.com,100023800
689,22,1348,Imie 689,Nazwisko 689,email689@example.com,100031045
690,6,9226,Imie 690,Nazwisko 690,email690@example.com,100000966
691,94,3583,Imie 691,Nazwisko 691,email691@example.com,100011850
692,70,5394,Imie 692,Nazwisko 692,email692@example.com,100009725
693,182,6311,Imie 693,Nazwisko 693,email693@example.com,100008962
694,192,2364,Imie 694,Nazwisko 694,email694@example.com,100029237
695,144,423,Imie 695,Nazwisko 695,email695@example.com,100020407
696,172,1266,Imie 696,Nazwisko 696,email696@example.com,100003942
697,17,5832,Imie 697,Nazwisko 697,email697@example.com,100002064
698,143,4131,Imie 698,Nazwisko 698,email698@example.com,100022293
699,40,4002,Imie 699,Nazwisko 699,email699@example.com,100003794
700,5,2079,Imie 700,Nazwisko 700,email700@example.com,100000030
701,90,1766,Imie 701,Nazwisko 701,email701@example.com,100017687
702,13,1201,Imie 702,Nazwisko 702,email702@example.com,100020624
703,20,9667,Imie 703,Nazwisko 703,email703@example.com,100013902
704,138,1847,Imie 704,Nazwisko 704,email704@example.com,100004702
705,31,5412,Imie 705,Nazwisko 705,email705@example.com,100021656
706,174,5093,Imie 706,Nazwisko 706,email706@example.com,100006603
707,62,4772,Imie 707,Nazwisko 707,email707@example.com,100012641
708,82,7816,Imie 708,Nazwisko 708,email708@example.com,100032218
709,46,2875,Imie 709,Nazwisko 709,email709@example.com,100027723
710,185,2470,Imie 710,Nazwisko 710,email710@example.com,100000562
711,91,8110,Imie 711,Nazwisko 711,email711@example.com,100001725
712,81,3489,Imie 712,Nazwisko 712,email712@example.com,100028458
713,80,5075,Imie 713,Nazwisko 713,email713@example.com,100021690
714,17,4958,Imie 714,Nazwisko 714,email714@example.com,100000003
715,53,2312,Imie 715,Nazwisko 715,email715@example.com,100029643
716,67,3177,Imie 716,Nazwisko 716,email716@example.com,100030838
717,2,6382,Imie 717,Nazwisko 717,email717@example.com,100005918
718,108,3848,Imie 718,Nazwisko 718,email718@example.com,100010781
719,105,5205,Imie 719,Nazwisko 719,email719@example.com,100009258
720,116,9502,Imie 720,Nazwisko 720,email720@example.com,100001893
721,95,9365,Imie 721,Nazwisko 721,email721@example.com,100007545
722,35,6509,Imie 722,Nazwisko 722,email722@example.com,100009481
723,91,2409,Imie 723,Nazwisko 723,email723@example.com,100016743
724,11,9759,Imie 724,Nazwisko 724,email724@example.com,100003143
725,106,5158,Imie 725,Nazwisko 725,email725@example.com,100008435
726,75,6924,Imie 726,Nazwisko 726,email726@example.com,100020297
727,137,1211,Imie 727,Nazwisko 727,email727@example.com,100022269
728,16,1483,Imie 728,Nazwisko 728,email728@example.com,100016000
729,11,764,Imie 729,Nazwisko 729,email729@example.com,100000633
730,51,8441,Imie 730,Nazwisko 730,email730@example.com,100014560
731,38,8433,Imie 731,Nazwisko 731,email731@example.com,100018062
732,163,8844,Imie 732,Nazwisko 732,email732@example.com,100010807
733,72,4065,Imie 733,Nazwisko 733,email733@example.com,100027028
734,6,520,Imie 734,Nazwisko 734,email734@example.com,100012833
735,144,4183,Imie 735,Nazwisko 735,email735@example.com,100018531
736,70,6638,Imie 736,Nazwisko 736,email736@example.com,100029503
737,198,881,Imie 737,Nazwisko 737,email737@example.com,100017798
738,194,2025,Imie 738,Nazwisko 738,email738@example.com,100032187
739,52,1121,Imie 739,Nazwisko 739,email739@example.com,100013345
740,101,4773,Imie 740,Nazwisko 740,email740@example.com,100031045
741,88,4144,Imie 741,Nazwisko 741,email741@example.com,100003243
742,18,9638,Imie 742,Nazwisko 742,email742@example.com,100029188
743,81,4227,Imie 743,Nazwisko 743,email743@example.com,100003533
744,52,6590,Imie 744,Nazwisko 744,email744@example.com,100018747
745,48,2559,Imie 745,Nazwisko 745,email745@example.com,100022029
746,8,5275,Imie 746,Nazwisko 746,email746@example.com,100005510
747,10,527,Imie 747,Nazwisko 747,email747@example.com,100004866
748,137,9029,Imie 748,Nazwisko 748,email748@example.com,100002051
749,84,3897,Imie 749,Nazwisko 749,email749@example.com,100010568
750,190,1446,Imie 750,Nazwisko 750,email750@example.com,100000711
751,120,4846,Imie 751,Nazwisko 751,email751@example.com,100017521
752,67,4584,Imie 752,Nazwisko 752,email752@example.com,100016991
753,91,9252,Imie 753,Nazwisko 753,email753@example.com,100008352
754,30,8880,Imie 754,Nazwisko 754,email754@example.com,100008028
755,80,8449,Imie 755,Nazwisko 755,email755@example.com,100010136
756,42,9033,Imie 756,Nazwisko 756,email756@example.com,100019992
757,168,2742,Imie 757,Nazwisko 757,email757@example.com,100014687
758,127,9643,Imie 758,Nazwisko 758,email758@example.com,100029232
759,185,4761,Imie 759,Nazwisko 759,email759@example.com,100015558
760,80,6330,Imie 760,Nazwisko 760,email760@example.com,100010349
761,175,9797,Imie 761,Nazwisko 761,email761@example.com,100028276
762,178,4716,Imie 762,Nazwisko 762,email762@example.com,100009488
763,34,8580,Imie 763,Nazwisko 763,email763@example.com,100025934
764,175,3188,Imie 764,Nazwisko 764,email764@example.com,100032190
765,110,6643,Imie 765,Nazwisko 765,email765@example.com,100031049
766,78,2475,Imie 766,Nazwisko 766,email766@example.com,100032122
767,1,4683,Imie 767,Nazwisko 767,email767@example.com,100013834
768,21,8793,Imie 768,Nazwisko 768,email768@example.com,100018040
769,37,3209,Imie 769,Nazwisko 769,email769@example.com,100021732
770,128,5513,Imie 770,Nazwisko 770,email770@example.com,100022695
771,111,9897,Imie 771,Nazwisko 771,email771@example.com,100029203
772,29,8939,Imie 772,Nazwisko 772,email772@example.com,100009539
773,9,5298,Imie 773,Nazwisko 773,email773@example.com,100024385
774,62,8689,Imie 774,Nazwisko 774,email774@example.com,100030422
775,114,718,Imie 775,Nazwisko 775,email775@example.com,100010686
776,167,300,Imie 776,Nazwisko 776,email776@example.com,100029289
777,117,9947,Imie 777,Nazwisko 777,email777@example.com,100013550
778,94,8787,Imie 778,Nazwisko 778,email778@example.com,100008666
779,123,6693,Imie 779,Nazwisko 779,email779@example.com,100014809
780,90,1096,Imie 780,Nazwisko 780,email780@example.com,100008329
781,3,4265,Imie 781,Nazwisko 781,email781@example.com,100008934
782,113,2045,Imie 782,Nazwisko 782,email782@example.com,100031462
783,106,2098,Imie 783,Nazwisko 783,email783@example.com,100010022
784,79,9216,Imie 784,Nazwisko 784,email784@example.com,100026237
785,114,2138,Imie 785,Nazwisko 785,email785@example.com,100019122
786,93,6395,Imie 786,Nazwisko 786,email786@example.com,100031639
787,46,5695,Imie 787,Nazwisko 787,email787@example.com,100004631
788,41,9161,Imie 788,Nazwisko 788,email788@example.com,100023176
789,161,3728,Imie 789,Nazwisko 789,email789@example.com,100021694
790,91,5457,Imie 790,Nazwisko 790,email790@example.com,100030273
791,34,2151,Imie 791,Nazwisko 791,email791@example.com,100016075
792,108,549,Imie 792,Nazwisko 792,email792@example.com,100027332
793,187,1963,Imie 793,Nazwisko 793,email793@example.com,100019704
794,189,1574,Imie 794,Nazwisko 794,email794@example.com,100008574
795,148,4292,Imie 795,Nazwisko 795,email795@example.com,100027977
796,179,6608,Imie 796,Nazwisko 796,email796@example.com,100024265
797,11,8822,Imie 797,Nazwisko 797,email797@example.com,100001455
798,19,2627,Imie 798,Nazwisko 798,email798@example.com,100031476
799,176,4854,Imie 799,Nazwisko 799,email799@example.com,100032251
800,13,1741,Imie 800,Nazwisko 800,email800@example.com,100020129
801,83,1140,Imie 801,Nazwisko 801,email801@example.com,100007338
802,175,6237,Imie 802,Nazwisko 802,email802@example.com,100003430
803,70,5844,Imie 803,Nazwisko 803,email803@example.com,100007789
804,105,866,Imie 804,Nazwisko 804,email804@example.com,100015084
805,103,427,Imie 805,Nazwisko 805,email805@example.com,100032390
806,31,8688,Imie 806,Nazwisko 806,email806@example.com,100026110
807,23,1223,Imie 807,Nazwisko 807,email807@example.com,100031302
808,9,3010,Imie 808,Nazwisko 808,email808@example.com,100012878
809,15,4736,Imie 809,Nazwisko 809,email809@example.com,100001108
810,115,7277,Imie 810,Nazwisko 810,email810@example.com,100017624
811,110,5028,Imie 811,Nazwisko 811,email811@example.com,100011398
812,109,1866,Imie 812,Nazwisko 812,email812@example.com,100012321
813,182,2612,Imie 813,Nazwisko 813,email813@example.com,100001906
814,55,21,Imie 814,Nazwisko 814,email814@example.com,100021713
815,84,5129,Imie 815,Nazwisko 815,email815@example.com,100027905
816,1,4095,Imie 816,Nazwisko 816,email816@example.com,100008280
817,92,3312,Imie 817,Nazwisko 817,email817@example.com,100001961
818,18,7590,Imie 818,Nazwisko 818,email818@example.com,100030353
819,172,6875,Imie 819,Nazwisko 819,email819@example.com,100013851
820,145,8070,Imie 820,Nazwisko 820,email820@example.com,100013488
821,147,1628,Imie 821,Nazwisko 821,email821@example.com,100016263
822,151,326,Imie 822,Nazwisko 822,email822@example.com,100027350
823,73,9583,Imie 823,Nazwisko 823,email823@example.com,100024261
824,19,8948,Imie 824,Nazwisko 824,email824@example.com,100030493
825,89,453,Imie 825,Nazwisko 825,email825@example.com,100017150
826,67,2270,Imie 826,Nazwisko 826,email826@example.com,100026626
827,70,4152,Imie 827,Nazwisko 827,email827@example.com,100025783
828,141,1511,Imie 828,Nazwisko 828,email828@example.com,100017779
829,57,4304,Imie 829,Nazwisko 829,email829@example.com,100001086
830,95,8633,Imie 830,Nazwisko 830,email830@example.com,100026343
831,101,9040,Imie 831,Nazwisko 831,email831@example.com,100025326
832,151,1749,Imie 832,Nazwisko 832,email832@example.com,100008787
833,23,4809,Imie 833,Nazwisko 833,email833@example.com,100023247
834,88,2285,Imie 834,Nazwisko 834,email834@example.com,100013010
835,129,2441,Imie 835,Nazwisko 835,email835@example.com,100028776
836,35,5859,Imie 836,Nazwisko 836,email836@example.com,100001880
837,140,6929,Imie 837,Nazwisko 837,email837@example.com,100026865
838,77,2489,Imie 838,Nazwisko 838,email838@example.com,100002261
839,192,7268,Imie 839,Nazwisko 839,email839@example.com,100025374
840,171,7017,Imie 840,Nazwisko 840,email840@example.com,100009346
841,127,8582,Imie 841,Nazwisko 841,email841@example.com,100031543
842,199,8241,Imie 842,Nazwisko 842,email842@example.com,100021080
843,59,5715,Imie 843,Nazwisko 843,email843@example.com,100013122
844,76,7509,Imie 844,Nazwisko 844,email844@example.com,100014562
845,188,148,Imie 845,Nazwisko 845,email845@example.com,100015969
846,63,8006,Imie 846,Nazwisko 846,email846@example.com,100018146
847,32,8924,Imie 847,Nazwisko 847,email847@example.com,100031418
848,25,1053,Imie 848,Nazwisko 848,email848@example.com,100028806
849,114,3291,Imie 849,Nazwisko 849,email849@example.com,100026490
850,84,105,Imie 850,Nazwisko 850,email850@example.com,100000291
851,171,8990,Imie 851,Nazwisko 851,email851@example.com,100019676
852,154,2905,Imie 852,Nazwisko 852,email852@example.com,100029607
853,168,3266,Imie 853,Nazwisko 853,email853@example.com,100010803
854,59,4002,Imie 854,Nazwisko 854,email854@example.com,100021317
855,177,1145,Imie 855,Nazwisko 855,email855@example.com,100025194
856,14,240,Imie 856,Nazwisko 856,email856@example.com,100004880
857,176,8157,Imie 857,Nazwisko 857,email857@example.com,100006526
858,84,1932,Imie 858,Nazwisko 858,email858@example.com,100026228
859,181,5480,Imie 859,Nazwisko 859,email859@example.com,100021968
860,53,594,Imie 860,Nazwisko 860,email860@example.com,100015825
861,135,1802,Imie 861,Nazwisko 861,email861@example.com,100020077
862,106,867,Imie 862,Nazwisko 862,email862@example.com,100029099
863,159,1169,Imie 863,Nazwisko 863,email863@example.com,100027547
864,51,7910,Imie 864,Nazwisko 864,email864@example.com,100011301
865,107,6817,Imie 865,Nazwisko 865,email865@example.com,100029003
866,2,6385,Imie 866,Nazwisko 866,email866@example.com,100005057
867,153,1904,Imie 867,Nazwisko 867,email867@example.com,100009021
868,145,7366,Imie 868,Nazwisko 868,email868@example.com,100027552
869,62,2749,Imie 869,Nazwisko 869,email869@example.com,100000251
870,86,1206,Imie 870,Nazwisko 870,email870@example.com,100007347
871,84,2735,Imie 871,Nazwisko 871,email871@example.com,100003071
872,94,6376,Imie 872,Nazwisko 872,email872@example.com,100014492
873,91,2837,Imie 873,Nazwisko 873,email873@example.com,100029840
874,27,2743,Imie 874,Nazwisko 874,email874@example.com,100021042
875,19,3210,Imie 875,Nazwisko 875,email875@example.com,100006726
876,197,3406,Imie 876,Nazwisko 876,email876@example.com,100020708
877,31,5855,Imie 877,Nazwisko 877,email877@example.com,100004910
878,122,2424,Imie 878,Nazwisko 878,email878@example.com,100031599
879,70,1890,Imie 879,Nazwisko 879,email879@example.com,100030985
880,55,6449,Imie 880,Nazwisko 880,email880@example.com,100011169
881,18,3990,Imie 881,Nazwisko 881,email881@example.com,100007712
882,19,6220,Imie 882,Nazwisko 882,email882@example.com,100016421
883,59,2240,Imie 883,Nazwisko 883,email883@example.com,100005010
884,28,7257,Imie 884,Nazwisko 884,email884@example.com,100017029
885,70,474,Imie 885,Nazwisko 885,email885@example.com,100010553
886,72,1725,Imie 886,Nazwisko 886,email886@example.com,100009960
887,168,507,Imie 887,Nazwisko 887,email887@example.com,100021364
888,173,2128,Imie 888,Nazwisko 888,email888@example.com,100022582
889,199,4889,Imie 889,Nazwisko 889,email889@example.com,100015727
890,96,8632,Imie 890,Nazwisko 890,email890@example.com,100016044
891,68,1564,Imie 891,Nazwisko 891,email891@example.com,100020171
892,173,1929,Imie 892,Nazwisko 892,email892@example.com,100026621
893,37,3340,Imie 893,Nazwisko 893,email893@example.com,100008628
894,50,9035,Imie 894,Nazwisko 894,email894@example.com,100016280
895,78,5826,Imie 895,Nazwisko 895,email895@example.com,100025275
896,73,2155,Imie 896,Nazwisko 896,email896@example.com,100010927
897,6,1157,Imie 897,Nazwisko 897,email897@example.com,100026135
898,45,369,Imie 898,Nazwisko 898,email898@example.com,100012044
899,70,7953,Imie 899,Nazwisko 899,email899@example.com,100030242
900,28,9122,Imie 900,Nazwisko 900,email900@example.com,100023771
901,23,4678,Imie 901,Nazwisko 901,email901@example.com,100003356
902,116,9742,Imie 902,Nazwisko 902,email902@example.com,100021231
903,148,6624,Imie 903,Nazwisko 903,email903@example.com,100024735
904,191,3512,Imie 904,Nazwisko 904,email904@example.com,100012852
905,108,5780,Imie 905,Nazwisko 905,email905@example.com,100028503
906,166,4790,Imie 906,Nazwisko 906,email906@example.com,100000062
907,142,7938,Imie 907,Nazwisko 907,email907@example.com,100012744
908,9,1392,Imie 908,Nazwisko 908,email908@example.com,100008768
909,158,2030,Imie 909,Nazwisko 909,email909@example.com,100013647
910,118,2419,Imie 910,Nazwisko 910,email910@example.com,100004305
911,174,2020,Imie 911,Nazwisko 911,email911@example.com,100021670
912,75,7779,Imie 912,Nazwisko 912,email912@example.com,100031297
913,141,7016,Imie 913,Nazwisko 913,email913@example.com,100000913
914,144,8392,Imie 914,Nazwisko 914,email914@example.com,100003183
915,11,5559,Imie 915,Nazwisko 915,email915@example.com,100019317
916,190,3935,Imie 916,Nazwisko 916,email916@example.com,100024675
917,175,1164,Imie 917,Nazwisko 917,email917@example.com,100013586
918,149,5295,Imie 918,Nazwisko 918,email918@example.com,100020757
919,150,1999,Imie 919,Nazwisko 919,email919@example.com,100032665
920,16,1757,Imie 920,Nazwisko 920,email920@example.com,100013351
921,104,7394,Imie 921,Nazwisko 921,email921@example.com,100016329
922,48,2314,Imie 922,Nazwisko 922,email922@example.com,100018050
923,113,7197,Imie 923,Nazwisko 923,email923@example.com,100025059
924,84,6643,Imie 924,Nazwisko 924,email924@example.com,100030734
925,66,4254,Imie 925,Nazwisko 925,email925@example.com,100008076
926,169,2792,Imie 926,Nazwisko 926,email926@example.com,100026885
927,107,7178,Imie 927,Nazwisko 927,email927@example.com,100022276
928,120,9242,Imie 928,Nazwisko 928,email928@example.com,100012426
929,16,4283,Imie 929,Nazwisko 929,email929@example.com,100025387
930,25,1782,Imie 930,Nazwisko 930,email930@example.com,100014218
931,143,3045,Imie 931,Nazwisko 931,email931@example.com,100011345
932,4,5776,Imie 932,Nazwisko 932,email932@example.com,100025633
933,78,1750,Imie 933,Nazwisko 933,email933@example.com,100014283
934,126,4024,Imie 934,Nazwisko 934,email934@example.com,100020707
935,111,3053,Imie 935,Nazwisko 935,email935@example.com,100004280
936,129,6448,Imie 936,Nazwisko 936,email936@example.com,100010466
937,66,2621,Imie 937,Nazwisko 937,email937@example.com,100003716
938,169,5800,Imie 938,Nazwisko 938,email938@example.com,100019539
939,43,1826,Imie 939,Nazwisko 939,email939@example.com,100019970
940,144,817,Imie 940,Nazwisko 940,email940@example.com,100027404
941,25,9816,Imie 941,Nazwisko 941,email941@example.com,100014396
942,109,9232,Imie 942,Nazwisko 942,email942@example.com,100006496
943,127,2424,Imie 943,Nazwisko 943,email943@example.com,100015946
944,76,9837,Imie 944,Nazwisko 944,email944@example.com,100022780
945,140,8136,Imie 945,Nazwisko 945,email945@example.com,100005061
946,194,947,Imie 946,Nazwisko 946,email946@example.com,100029401
947,75,7693,Imie 947,Nazwisko 947,email947@example.com,100014781
948,58,4963,Imie 948,Nazwisko 948,email948@example.com,100008280
949,178,6559,Imie 949,Nazwisko 949,email949@example.com,100010805
950,83,4768,Imie 950,Nazwisko 950,email950@example.com,100012580
951,12,2301,Imie 951,Nazwisko 951,email951@example.com,100030867
952,46,5263,Imie 952,Nazwisko 952,email952@example.com,100026745
953,58,6576,Imie 953,Nazwisko 953,email953@example.com,100021893
954,67,330,Imie 954,Nazwisko 954,email954@example.com,100001997
955,196,4210,Imie 955,Nazwisko 955,email955@example.com,100009549
956,97,1240,Imie 956,Nazwisko 956,email956@example.com,100013853
957,200,424,Imie 957,Nazwisko 957,email957@example.com,100019821
958,70,3890,Imie 958,Nazwisko 958,email958@example.com,100031308
959,174,7281,Imie 959,Nazwisko 959,email959@example.com,100006959
960,10,2299,Imie 960,Nazwisko 960,email960@example.com,100009292
961,88,6811,Imie 961,Nazwisko 961,email961@example.com,100013950
962,175,38,Imie 962,Nazwisko 962,email962@example.com,100005141
963,165,8371,Imie 963,Nazwisko 963,email963@example.com,100003328
964,89,3959,Imie 964,Nazwisko 964,email964@example.com,100007818
965,26,1843,Imie 965,Nazwisko 965,email965@example.com,100003968
966,149,8238,Imie 966,Nazwisko 966,email966@example.com,100012261
967,54,1264,Imie 967,Nazwisko 967,email967@example.com,100004097
968,11,3273,Imie 968,Nazwisko 968,email968@example.com,100002111
969,78,2726,Imie 969,Nazwisko 969,email969@example.com,100006413
970,43,9061,Imie 970,Nazwisko 970,email970@example.com,100023114
971,3,2,Imie 971,Nazwisko 971,email971@example.com,100018218
972,193,3641,Imie 972,Nazwisko 972,email972@example.com,100032099
973,128,5367,Imie 973,Nazwisko 973,email973@example.com,100004974
974,23,9589,Imie 974,Nazwisko 974,email974@example.com,100007028
975,33,8568,Imie 975,Nazwisko 975,email975@example.com,100010923
976,67,5781,Imie 976,Nazwisko 976,email976@example.com,100006252
977,29,2815,Imie 977,Nazwisko 977,email977@example.com,100028341
978,130,1158,Imie 978,Nazwisko 978,email978@example.com,100013370
979,60,5049,Imie 979,Nazwisko 979,email979@example.com,100010146
980,142,8812,Imie 980,Nazwisko 980,email980@example.com,100027004
981,46,1196,Imie 981,Nazwisko 981,email981@example.com,100018715
982,40,8457,Imie 982,Nazwisko 982,email982@example.com,100006767
983,90,7675,Imie 983,Nazwisko 983,email983@example.com,100005144
984,41,2685,Imie 984,Nazwisko 984,email984@example.com,100002758
985,53,3034,Imie 985,Nazwisko 985,email985@example.com,100022427
986,74,4672,Imie 986,Nazwisko 986,email986@example.com,100016486
987,134,2100,Imie 987,Nazwisko 987,email987@example.com,100013122
988,85,9746,Imie 988,Nazwisko 988,email988@example.com,100032321
989,86,3809,Imie 989,Nazwisko 989,email989@example.com,100005326
990,66,6800,Imie 990,Nazwisko 990,email990@example.com,100029635
991,158,3312,Imie 991,Nazwisko 991,email991@example.com,100017909
992,69,1751,Imie 992,Nazwisko 992,email992@example.com,100016528
993,168,6287,Imie 993,Nazwisko 993,email993@example.com,100021001
994,78,1962,Imie 994,Nazwisko 994,email994@example.com,100024451
995,64,3859,Imie 995,Nazwisko 995,email995@example.com,100025449
996,123,6752,Imie 996,Nazwisko 996,email996@example.com,100015663
997,141,6150,Imie 997,Nazwisko 997,email997@example.com,100001716
998,16,7591,Imie 998,Nazwisko 998,email998@example.com,100032078
999,136,2849,Imie 999,Nazwisko 999,email999@example.com,100005681
1000,156,4907,Imie 1000,Nazwisko 1000,email1000@example.com,100004066
