1,Czêœæ 1,B2WF8A3JRAXIZHB,2822.90
2,Czêœæ 2,CCCMAB0MDM2AQLF,1208.86
3,Czêœæ 3,6ZOFMLK8JYLO6UH,2578.81
4,Czêœæ 4,NZ0NLROGLWFLOX8,2184.88
5,Czêœæ 5,U21Q5H865XL3DFR,2602.97
6,Czêœæ 6,A75MN5Q4CTG638Y,2494.91
7,Czêœæ 7,B5GWRZVX7F9CXBD,2771.31
8,Czêœæ 8,RKRHQHZFAE8KPG0,1153.90
9,Czêœæ 9,1LWYQ20RORC544X,1238.16
10,Czêœæ 10,WLZK0JBZ0988FBA,1255.42
11,Czêœæ 11,LIIR80C6772GJ4G,235.85
12,Czêœæ 12,JCH1KYLJWEF8AY5,1270.82
13,Czêœæ 13,DWLN47JUAH4T341,274.97
14,Czêœæ 14,Z78U90MNJZEEO1P,849.54
15,Czêœæ 15,YUY3HW4XSAMYAW2,143.99
16,Czêœæ 16,071A1J506MK6N8T,819.27
17,Czêœæ 17,T1TQ1F7H1LB1AOF,2709.71
18,Czêœæ 18,I73MZ8VH3GMMDV9,285.77
19,Czêœæ 19,SULCV8XTDK0EYF1,416.84
20,Czêœæ 20,19JXJ67QRT4C4HV,2433.13
21,Czêœæ 21,LANQVNUI4LCZLM4,1388.44
22,Czêœæ 22,93OJ1J6K39L7FF1,2923.18
23,Czêœæ 23,28I6HZHY6A0YP57,425.61
24,Czêœæ 24,6YBXP1OQAW2CI9F,1496.06
25,Czêœæ 25,HZZAD27K39BMTOE,2207.72
26,Czêœæ 26,02GX7TS0N5YA57U,1970.26
27,Czêœæ 27,XIHAFY71BAAG53F,991.85
28,Czêœæ 28,JVQ5732BSLEX49D,641.91
29,Czêœæ 29,5U59W32NFZP3TYR,913.61
30,Czêœæ 30,01A9DNKQ0XXM7MQ,785.90
31,Czêœæ 31,BNMJ6BKXL3N3H49,1486.59
32,Czêœæ 32,XFNOYP3HVU436K2,1054.60
33,Czêœæ 33,6PDS6TWFM514TEB,502.51
34,Czêœæ 34,JYMMCOY89JMULDR,1278.96
35,Czêœæ 35,E4Y5PGAAB26V9KL,2731.30
36,Czêœæ 36,7YMBTTBC6FOFSAX,2467.83
37,Czêœæ 37,Z385D9SXYUB3IMG,2520.75
38,Czêœæ 38,VRKWR820UL2TJES,1008.22
39,Czêœæ 39,LG488KR8TXN0QK8,1197.09
40,Czêœæ 40,XXKW8TC5HYNOFBI,265.24
41,Czêœæ 41,KT5JG1607Y3RMTC,1264.53
42,Czêœæ 42,K7D7EGXM3A4CA3A,1882.46
43,Czêœæ 43,KRC1B7Q8NAQVNMT,605.36
44,Czêœæ 44,NVZHJGKJGHO2PBI,2880.96
45,Czêœæ 45,YLOYS8MGJML9JWY,1180.19
46,Czêœæ 46,SF4REMMW1Q891ZN,1460.39
47,Czêœæ 47,KDAFMUWSMGGB0O4,327.37
48,Czêœæ 48,I0LPY3AYWNBH4V8,2798.48
49,Czêœæ 49,BLANVMCXS4YJ0H3,2364.01
50,Czêœæ 50,5E1D18D8RMA7KFD,1650.85
51,Czêœæ 51,O672IS0YTG8WLAU,1184.52
52,Czêœæ 52,TW6TMWEAOGTU0MC,2651.65
53,Czêœæ 53,XGAKB3XODYTRQQP,562.17
54,Czêœæ 54,UZ8GHAA9PTJYK53,2912.74
55,Czêœæ 55,4JQMU9D20CAVM25,2548.01
56,Czêœæ 56,404F6T00CC4R3W6,724.22
57,Czêœæ 57,KU4FVGK4EWBWVU6,1671.12
58,Czêœæ 58,716WH6MR77MERJ2,1354.63
59,Czêœæ 59,0JBCQLMQ3YJZGAB,2339.05
60,Czêœæ 60,KUPMZ1PRLKYYZ6E,2550.14
61,Czêœæ 61,MGCJGKL9SCUV55H,1437.11
62,Czêœæ 62,HLXMQI7Z9G74V4C,335.42
63,Czêœæ 63,DQEI3GS4JK9GQ5B,2829.10
64,Czêœæ 64,NG46ROWR5JFJNZD,613.06
65,Czêœæ 65,XX6TGFPZTWSURW6,2856.45
66,Czêœæ 66,FHKP7XKN88Q779R,1763.96
67,Czêœæ 67,AS0FGZPNR2U2TVU,1939.19
68,Czêœæ 68,RUDZCRLCYHDW8RQ,446.85
69,Czêœæ 69,4PFSLPZ3R7CZE6I,1675.37
70,Czêœæ 70,TJKTBZIHBWWZWOM,298.96
71,Czêœæ 71,ZAGW1L0N7UTHVOM,1940.88
72,Czêœæ 72,7Y42PL1BRU67W21,335.33
73,Czêœæ 73,J4IC2N3GMLU107S,890.07
74,Czêœæ 74,N2Q2DKASNFCSHJI,749.26
75,Czêœæ 75,C3A6MUX5BM32QTL,755.37
76,Czêœæ 76,4EQA6EZRTNPNTDR,2912.20
77,Czêœæ 77,V7JTZO5UKQRXJB0,2047.08
78,Czêœæ 78,QNN5Q19HMMAZELP,673.59
79,Czêœæ 79,MRMMVRC4STE8LPJ,653.86
80,Czêœæ 80,8TIFGUBWJJAS667,661.20
81,Czêœæ 81,29735SMYZFE1QZI,2342.51
82,Czêœæ 82,SKIC8963EFUFF79,1980.79
83,Czêœæ 83,4ZHZXVUC14OJKC2,2457.83
84,Czêœæ 84,PBKL6EDU5IMNB71,2016.28
85,Czêœæ 85,62TRV30YIVRBY1R,422.60
86,Czêœæ 86,VG0XYKEU60T4GB1,2229.66
87,Czêœæ 87,EIQUNUID2POOS7S,2638.37
88,Czêœæ 88,2DTL85TMF9FR1K1,2361.09
89,Czêœæ 89,6E1GXELKHUEQP71,2183.91
90,Czêœæ 90,JBZGGN3QA8PJUN2,428.88
91,Czêœæ 91,8ZD5LKCG7I3YV0S,2016.81
92,Czêœæ 92,8P7AI3GI9IZ4VV7,1429.50
93,Czêœæ 93,JU7QNCPRLTR6556,472.42
94,Czêœæ 94,61DBMHFFZZDMGEE,2837.42
95,Czêœæ 95,713A0Q039Y49ZXM,2864.50
96,Czêœæ 96,YD0OHKP5G7T2LQC,405.16
97,Czêœæ 97,04SA2XQ0CB7W2PY,1184.61
98,Czêœæ 98,YN5W1252CIU3UHV,2663.86
99,Czêœæ 99,M920UEBK3QEP096,202.66
100,Czêœæ 100,B58F7DK0F3UURK3,1922.11
101,Czêœæ 101,132UT2AHS0PRAL3,2966.72
102,Czêœæ 102,I0VE0EUILKEQXU0,367.10
103,Czêœæ 103,HPGODAK7X8KYKX1,2102.75
104,Czêœæ 104,67HSE1A463LZEXK,1364.01
105,Czêœæ 105,60R4KHKOXGUZVGF,114.96
106,Czêœæ 106,Q4KLN5OJUXNDZNE,755.99
107,Czêœæ 107,4SS85IB6F6NL1VA,685.81
108,Czêœæ 108,C5DEYCLEDXAPLAO,1364.54
109,Czêœæ 109,34ZNR44TX3SGVFX,2875.83
110,Czêœæ 110,JVBQBWD6SDBMYV3,1389.23
111,Czêœæ 111,K27A0OG3UZH9UD9,1123.37
112,Czêœæ 112,FEJ9HM71LBXWSXQ,207.62
113,Czêœæ 113,LKK4NYZIEI5ZXOX,2645.37
114,Czêœæ 114,0AK4I2CLAXUKDFX,1275.59
115,Czêœæ 115,NNNLW6051CXABN2,1336.48
116,Czêœæ 116,QAZ95OVEX9Q8NSE,527.03
117,Czêœæ 117,3BW2JWWTRCW32LG,969.90
118,Czêœæ 118,D8F76FP2KVURX9F,873.96
119,Czêœæ 119,WWAHWZUOSFJD53I,696.60
120,Czêœæ 120,LAD7502ZPDIUVZS,606.51
121,Czêœæ 121,DY6D7O3CK5LCC51,845.91
122,Czêœæ 122,6PXJUOHD6H1VDJ6,2093.10
123,Czêœæ 123,4GN7KNY5NEFTFR0,2925.04
124,Czêœæ 124,CP26THBEUPO5B4S,179.92
125,Czêœæ 125,OFYLJ84YAEP2EWW,919.46
126,Czêœæ 126,NDL4NBZWXJMXD8G,2491.72
127,Czêœæ 127,L3VMXVSNZ86AT2C,1592.97
128,Czêœæ 128,K756MKIM2WSA7TZ,430.92
129,Czêœæ 129,Y4PE0BZO8M3AGV5,1287.10
130,Czêœæ 130,DHFR32FHBRQSH13,1078.59
131,Czêœæ 131,DI4Y5QLUB2VCN0N,421.71
132,Czêœæ 132,C4YONU7KBIRFNHK,1093.45
133,Czêœæ 133,HSX5HUH42PFV6D9,594.82
134,Czêœæ 134,BWJV4HHJMRBSDC6,1212.67
135,Czêœæ 135,AFWJAGGUZ227D9F,1682.53
136,Czêœæ 136,0WE24WUEXVO64OB,451.27
137,Czêœæ 137,98WXQRT5CRTTLUJ,1839.10
138,Czêœæ 138,AMEKP6UMQQB1UVI,1902.64
139,Czêœæ 139,WKME4TPWJYVWCME,396.84
140,Czêœæ 140,447ULPGAQCNI8NH,1138.06
141,Czêœæ 141,OYEA30CRAGP8K6Z,766.17
142,Czêœæ 142,GBUJBR57905CJTC,707.22
143,Czêœæ 143,5HZM1UPQSXVURQK,1735.81
144,Czêœæ 144,1R3ZB68FK0SRP4T,1437.73
145,Czêœæ 145,CKLPL4GMHLOD3UX,372.33
146,Czêœæ 146,Z0EVPVU852QC03T,2435.35
147,Czêœæ 147,Z0XNV1YEL4X5MDJ,720.76
148,Czêœæ 148,UTLUDP6IANREFLR,1083.98
149,Czêœæ 149,W9VWBGRRCDHV24L,2204.00
150,Czêœæ 150,AS38Z217TZ8TYNO,1745.73
151,Czêœæ 151,LJEDTOM86P1QY8X,2523.05
152,Czêœæ 152,BBMPFGRX85DIKMN,1260.64
153,Czêœæ 153,W53L1JG1NSXYI2C,557.12
154,Czêœæ 154,XF6YX8RFM7LGBFU,547.12
155,Czêœæ 155,45DTNBGM8EW421L,2163.82
156,Czêœæ 156,40PQ56HUIV1BIDD,1701.56
157,Czêœæ 157,095B38V0F36I28L,2778.39
158,Czêœæ 158,D1SAZIBTA2SFDMP,2198.42
159,Czêœæ 159,Q6ZIU4LYXMGRMYJ,1914.41
160,Czêœæ 160,IWIWFGA8P43D8O2,690.32
161,Czêœæ 161,TWYZAMHSNSMSYK9,263.73
162,Czêœæ 162,HFCY6ZPWNL60V5Z,2808.30
163,Czêœæ 163,DIQGWPJF797ZY27,2596.25
164,Czêœæ 164,4ZTWE0Q0GGOPVQD,860.95
165,Czêœæ 165,YATWXIKYJL8VUGY,359.67
166,Czêœæ 166,XGR0D794GIPEIQV,2835.65
167,Czêœæ 167,8Q8JJ9GLTCCGJIM,680.41
168,Czêœæ 168,Y2AW987KRSULLB2,497.20
169,Czêœæ 169,ZJ6YSINLF2SBZ3M,262.49
170,Czêœæ 170,14F04FS11NB29Z2,1289.14
171,Czêœæ 171,OPSG2C3P4QCZN87,2788.39
172,Czêœæ 172,H3QMD3JM32JKKW6,2232.76
173,Czêœæ 173,LWDP7X7HZTJOSMW,1518.45
174,Czêœæ 174,9JAKJTKJ3S7ZC7Y,1527.65
175,Czêœæ 175,7RRT6ZD2U3DRSI6,2491.37
176,Czêœæ 176,VC01WYDL6K3N7ZG,1451.45
177,Czêœæ 177,3OUTZB9BS8KRPNG,1323.74
178,Czêœæ 178,QIZM7FOZ93ISJZH,2559.96
179,Czêœæ 179,F1V4EP8W5V5CICR,610.49
180,Czêœæ 180,25828J9LYP43EUK,787.05
181,Czêœæ 181,LNEV7KM91YJF6W7,1224.70
182,Czêœæ 182,VO61R9L0ZQ6CQTE,1944.86
183,Czêœæ 183,BT2966MR0BG7ZC7,2317.37
184,Czêœæ 184,LWINK8VNYY8HE1M,1423.40
185,Czêœæ 185,7D0QVP9TIJC4G00,1317.72
186,Czêœæ 186,1HKXFXWYD4D8I32,1591.11
187,Czêœæ 187,01JM2A244Q42LC5,2633.15
188,Czêœæ 188,LFNIG80M39UKI6Q,194.26
189,Czêœæ 189,T3GY3LYQGOOIEBB,248.95
190,Czêœæ 190,UL0RO1EY4D2QAL7,1957.52
191,Czêœæ 191,G9Z5QPXTNWRF775,928.93
192,Czêœæ 192,0P2N5F3QVCYDQVT,1183.46
193,Czêœæ 193,0NZ04SYDENLMSM8,1014.77
194,Czêœæ 194,8TYU8SMBU6L12DZ,2052.83
195,Czêœæ 195,13K9JSYKRXOUPHW,926.27
196,Czêœæ 196,4ARWI2OB86SE6BQ,1224.70
197,Czêœæ 197,7B4ULMK806LRQG0,2261.44
198,Czêœæ 198,UGAU9EXG2MJDBHD,2335.96
199,Czêœæ 199,IL0VCQSP7U7P02K,1996.37
200,Czêœæ 200,LNZJF8OYY8XH32T,1501.81
201,Czêœæ 201,6FBQQO81E10P116,1185.23
202,Czêœæ 202,02H3ABH81XF6RRA,1815.56
203,Czêœæ 203,7YAD93IEWYGMYJN,2060.44
204,Czêœæ 204,LAWQSXTEFP0LS1J,1748.56
205,Czêœæ 205,M54WV1AZGE8KKPQ,2232.41
206,Czêœæ 206,ZSUT0WG00N9H4AW,950.43
207,Czêœæ 207,56JH74X10180HR4,489.77
208,Czêœæ 208,6P082P57P0L292N,248.77
209,Czêœæ 209,1FRAL97JJV7DBH0,2599.34
210,Czêœæ 210,1K5DD01MCTXX5B5,1649.43
211,Czêœæ 211,FPQUHC31H76FPIG,1005.84
212,Czêœæ 212,E0VEB5WH7GDDM3L,2536.33
213,Czêœæ 213,XO16ZG9WU3S76V8,932.29
214,Czêœæ 214,XCQEB759SXOA380,1471.36
215,Czêœæ 215,HKIDRZVQAHIK8HE,2979.82
216,Czêœæ 216,W1J21SGPXEVLCGP,1094.78
217,Czêœæ 217,29XZHFYH5UV26XZ,227.45
218,Czêœæ 218,GV28E6Y5XAD85RM,2324.98
219,Czêœæ 219,R6Y8LDTDC6GXGE2,1432.87
220,Czêœæ 220,PQEJSENQRWJYARN,1458.18
221,Czêœæ 221,UW79R1MDXCXUYZ0,2031.33
222,Czêœæ 222,B27CGGUBXXG0JBX,1769.00
223,Czêœæ 223,YB3LF79HL2HSKZ0,1536.50
224,Czêœæ 224,N63LABOKULX0OE0,1910.17
225,Czêœæ 225,3ZCO22NLPE9SQ7W,639.96
226,Czêœæ 226,VB8TBPSH6JLT95V,1712.27
227,Czêœæ 227,XGZNUBS2790X4ZW,1211.78
228,Czêœæ 228,D9MW5SJBH9XSU07,2184.53
229,Czêœæ 229,8XN19NFRPFBRFRT,499.86
230,Czêœæ 230,BWEJUHODN91VR3F,2613.68
231,Czêœæ 231,WR8AHNHWX0TQTBJ,2730.24
232,Czêœæ 232,VONHSOW880WKTXK,565.00
233,Czêœæ 233,1MKRKIDIHZ7RR2X,1707.14
234,Czêœæ 234,78YETG7ROI3NUFQ,581.81
235,Czêœæ 235,RA57O3W0W60TIPS,1112.92
236,Czêœæ 236,9QJF3Z4ESF9UNMS,2585.54
237,Czêœæ 237,6BNU3DTAHRM4OHN,2908.22
238,Czêœæ 238,S81BW70LIFBVD0Y,1875.65
239,Czêœæ 239,R9J1CHDO2R6L3NF,1531.37
240,Czêœæ 240,WVDIR92LNDSIUTE,729.79
241,Czêœæ 241,035JF78BIAEF5YB,1299.22
242,Czêœæ 242,DMU4WDJ5G69PGVL,2603.86
243,Czêœæ 243,ZA80KRHEL3EUOX4,1906.71
244,Czêœæ 244,VNPEVJIDZMY6AS2,531.63
245,Czêœæ 245,6ESS3XPMR09Z33Y,1326.57
246,Czêœæ 246,ECQROQOMILQP8UA,325.24
247,Czêœæ 247,NRAO0KBQ0Z0TXLO,1610.14
248,Czêœæ 248,6A0CVNPJ32I853W,274.79
249,Czêœæ 249,GCU33H4ASHBSGN3,186.56
250,Czêœæ 250,ZDVC0RWK0FTH7ZI,2748.74
251,Czêœæ 251,NJSUG0NMOQL879Q,1463.22
252,Czêœæ 252,HLGZVWE64IVFT4K,2593.24
253,Czêœæ 253,3YV83LLV25YY66Q,2325.51
254,Czêœæ 254,TU79SYUVFGQ3VLN,1632.88
255,Czêœæ 255,86JLCSDOJ47DPCA,836.97
256,Czêœæ 256,LJBJ4B9ALLGJ9PV,2870.52
257,Czêœæ 257,AB9TK8C941KA057,2039.56
258,Czêœæ 258,695WL96WMPDEF9N,1786.70
259,Czêœæ 259,HKDD1ZA3BH8072T,552.87
260,Czêœæ 260,LWLO46A763ALU10,840.42
261,Czêœæ 261,93EG4B6HE4CV37R,875.03
262,Czêœæ 262,C0TWA0SA1H7QW19,768.73
263,Czêœæ 263,EAD269977M7RQV9,2882.20
264,Czêœæ 264,9XW76JHYN5J4AOJ,586.86
265,Czêœæ 265,KYPSAK268EMP58W,1828.39
266,Czêœæ 266,NUGDVTPLS8N7HZU,488.00
267,Czêœæ 267,3ZJXJQI9CMTS1KK,2846.09
268,Czêœæ 268,H5UFJGVLWH2WF3X,1843.61
269,Czêœæ 269,VLQLVXS4ACV44WP,645.71
270,Czêœæ 270,HOD01I8IB2DEEE4,1403.22
271,Czêœæ 271,1NJ0DVH08P8QK01,2715.90
272,Czêœæ 272,U02O8137IL7PSSX,2894.50
273,Czêœæ 273,ZM6BP6DG5G6P7W7,323.38
274,Czêœæ 274,88CWAQDKJF9ENV9,2523.23
275,Czêœæ 275,UBUU6YFGHR6D7RT,412.95
276,Czêœæ 276,FUCAUGP14GNSXHR,573.14
277,Czêœæ 277,3KVRADCW087RVA3,2407.73
278,Czêœæ 278,BW5PSTGF3O4JWG8,1406.58
279,Czêœæ 279,TDV8OH7XE1NY3YN,1108.59
280,Czêœæ 280,83K2K36PI7W03IZ,1863.52
281,Czêœæ 281,7ORK9456F8UAICA,1194.88
282,Czêœæ 282,U7LR2NINW0HXI7Y,2862.38
283,Czêœæ 283,7327NSDWKET72NY,2724.05
284,Czêœæ 284,QC3VRHGXK5O1599,699.35
285,Czêœæ 285,SZ6AVIW1V2SEM6F,1131.33
286,Czêœæ 286,II7A9TMO404DCFT,1549.16
287,Czêœæ 287,18VC192FHA6EU8T,1730.59
288,Czêœæ 288,3S0PT71B3DJZBC6,1164.43
289,Czêœæ 289,KMIM6JIM3CBWEE7,2313.30
290,Czêœæ 290,E4RVNQ035M5I6HB,2275.95
291,Czêœæ 291,8HJEWA88B5DBR8T,1849.45
292,Czêœæ 292,18N9OFG7AQV2X6X,2992.57
293,Czêœæ 293,TSDA8NTFBHHVJYG,487.03
294,Czêœæ 294,QKLXM6SR68L4PVV,2601.29
295,Czêœæ 295,ZDXQFALN9G6K7C0,2452.07
296,Czêœæ 296,JMXPRVMBLTAV0BA,1567.39
297,Czêœæ 297,JUY0W3JU392B814,1548.81
298,Czêœæ 298,AH6SIUZ0J1QW7F6,1534.11
299,Czêœæ 299,N01IEDWM099BSBT,1459.68
300,Czêœæ 300,ASKJMYUH1GFDN8Q,2422.96
301,Czêœæ 301,WYT47I0YNXSK40M,1244.97
302,Czêœæ 302,BWCXD0VRHTFSU8E,2433.22
303,Czêœæ 303,YQRWA8IZIFN7P08,1143.46
304,Czêœæ 304,8X26AT000Q2XAFS,942.73
305,Czêœæ 305,Y2FOE4MC0FH7A92,2571.82
306,Czêœæ 306,VVMNTUQ2VDXIP3P,1407.38
307,Czêœæ 307,274VLYXPX770A2P,2324.89
308,Czêœæ 308,BL63AEGHSZFP1MO,2660.85
309,Czêœæ 309,WDA2M5RB51CJRQP,1275.51
310,Czêœæ 310,O01EPO83DGAT5AU,1815.29
311,Czêœæ 311,EG7S17B48FPZG2H,1475.08
312,Czêœæ 312,39TGMVAM5JBBXX6,2960.97
313,Czêœæ 313,QGOXEAMYUBHK5U2,352.50
314,Czêœæ 314,UEMITWZY32CM9FY,2665.90
315,Czêœæ 315,VOKLQ37XCDTU22R,2315.42
316,Czêœæ 316,M7I7UFN15Z5Q1YY,1576.68
317,Czêœæ 317,O1D1BQR4KVLEJXX,1349.05
318,Czêœæ 318,Z2YO1KXH2JEG5TZ,1517.83
319,Czêœæ 319,F3BOQ2QZF4KVSPR,1317.10
320,Czêœæ 320,Y5XVZ6M966PATB5,2592.09
321,Czêœæ 321,RIB2BHNEEJRUX02,1461.36
322,Czêœæ 322,1U0YY31AT4HE59V,280.02
323,Czêœæ 323,GYH0FHM6ZHLTYR6,2201.61
324,Czêœæ 324,P7UTJDJNVOG8DFE,2840.78
325,Czêœæ 325,6AKD4NDUGA7Z7MI,2235.77
326,Czêœæ 326,VTXUN1W0CBMVX11,2311.18
327,Czêœæ 327,XZ5P0Z16NYW50WI,1440.03
328,Czêœæ 328,QRPJKV3DGLX3IUH,606.51
329,Czêœæ 329,X13151TBMCHTYRJ,868.57
330,Czêœæ 330,DJ3OO38ZZEYWIRY,820.07
331,Czêœæ 331,Z438HHJWOX6EJXP,2753.78
332,Czêœæ 332,UNR7UWSDDIKNY1F,1423.31
333,Czêœæ 333,98GMBIVLTQUGPRF,1806.09
334,Czêœæ 334,0CG2XR73ZHGB3Q0,2065.58
335,Czêœæ 335,KW7GBL6MO4D8QHI,2614.12
336,Czêœæ 336,3U7S3KSU7I5OBI7,674.65
337,Czêœæ 337,X6CDKUZKB6C5SVI,2244.53
338,Czêœæ 338,B1FE7Z8PE6HJWRX,2156.47
339,Czêœæ 339,U0IDSX0ED77RXCU,1842.19
340,Czêœæ 340,441R547PT5CFDR1,994.60
341,Czêœæ 341,LVUGUXY1MEXJJDQ,830.16
342,Czêœæ 342,QP4VD28GQNRSY44,1551.37
343,Czêœæ 343,8ZVJMGNKQCFV1F7,2709.53
344,Czêœæ 344,XYPIRFNCZCIQUCH,666.87
345,Czêœæ 345,TFMDKKRVAP9MJCP,559.42
346,Czêœæ 346,5W01ZPDWV3GIFFA,2159.30
347,Czêœæ 347,EPAZDIYQOH65X8B,237.18
348,Czêœæ 348,6F8RHP6HE1ABWF7,2325.16
349,Czêœæ 349,1B0GFUZUH06Y39M,2978.49
350,Czêœæ 350,HQQ5YNTQFURQTRD,1538.89
351,Czêœæ 351,LYVSFSYAD1YSHP6,2496.77
352,Czêœæ 352,471ASA7BSQGAYUK,1353.30
353,Czêœæ 353,2EORTJSM9EMWR5U,2383.75
354,Czêœæ 354,K8YQ8CJPKDLVNDJ,1599.08
355,Czêœæ 355,46FYMKP7JPPKLLE,1609.25
356,Czêœæ 356,6MW5R7A63E9TX87,385.07
357,Czêœæ 357,J4ZWGK0GLR0ZNL3,321.26
358,Czêœæ 358,4HK8JK319Z4523R,2798.48
359,Czêœæ 359,Z61155U1DN6Q6D1,2745.99
360,Czêœæ 360,KCI6MB33MY7I7HG,604.29
361,Czêœæ 361,0L4ABNMZ9NWZKKF,2687.58
362,Czêœæ 362,H117ERAIVWI05Z6,1245.95
363,Czêœæ 363,2D9M005901I9A8A,928.39
364,Czêœæ 364,YIL7X27XAW84QQ0,1744.84
365,Czêœæ 365,YUVPZQYZIIJ0L7D,2328.88
366,Czêœæ 366,TSGFYQ7KK8QHSWQ,300.28
367,Czêœæ 367,UZFG76QYYM0DFDD,1327.63
368,Czêœæ 368,5RVBPCHO1EWFX95,2090.27
369,Czêœæ 369,35HTQKPC2P03IWP,2241.44
370,Czêœæ 370,I71XQW20YOP7RVD,1870.43
371,Czêœæ 371,Y9KBJGECLZZMD3Y,1865.12
372,Czêœæ 372,0FWB8EHWD0DGWCL,1374.54
373,Czêœæ 373,XSP7EA537BRB71G,1071.59
374,Czêœæ 374,7PWWT17HSATYIY2,614.83
375,Czêœæ 375,2XBJN187OM2O2RU,1912.02
376,Czêœæ 376,JZQ90BOE2KPQORW,781.48
377,Czêœæ 377,8VJQIMKNHG4GPTX,1815.56
378,Czêœæ 378,SIAWUUFBECSF27Y,1342.59
379,Czêœæ 379,UXO53HSR4XUW47G,2289.67
380,Czêœæ 380,FQJSDBS9Q431COG,2944.77
381,Czêœæ 381,MKJY7II8A1KUVCC,219.66
382,Czêœæ 382,YIHYET979E1KMHZ,1612.35
383,Czêœæ 383,JSRF4T65BVLXYA0,2369.32
384,Czêœæ 384,MCEO9AJPF3J5KXN,348.16
385,Czêœæ 385,H9LCFHDJG55IPV1,2180.28
386,Czêœæ 386,0IKTJGHV8MH3ET3,432.95
387,Czêœæ 387,8ZDGPK7SRLQBWKZ,2972.39
388,Czêœæ 388,2X39IPPMKP23SX4,1425.61
389,Czêœæ 389,OPMNKWBIYOD2VP9,543.49
390,Czêœæ 390,6LSP4JFLZ6A0NHH,1163.11
391,Czêœæ 391,5HD9UYQ1VTHBF5B,569.95
392,Czêœæ 392,ADUCV6G9XEM6X8N,1560.75
393,Czêœæ 393,JH9IDHZNK6K1M2A,1205.85
394,Czêœæ 394,SJEYPO4DEHEH3V2,2811.75
395,Czêœæ 395,6XZ3JRRAC5AW16I,1783.52
396,Czêœæ 396,NLWKWFUHE7PUE39,487.47
397,Czêœæ 397,YJ3S7YH5ZBW0TAE,2813.52
398,Czêœæ 398,IGB96PNDQ3SSGIK,2937.52
399,Czêœæ 399,SY3B00YP4C628YJ,184.26
400,Czêœæ 400,NGO5U4AQKZVZ38O,2289.49
401,Czêœæ 401,A1AUKBIX18ZH8MP,2562.70
402,Czêœæ 402,HX6OCTGFHTTKH7L,549.24
403,Czêœæ 403,MDIOAZKXDBST41B,2393.48
404,Czêœæ 404,0BYR0FKWAAQ9OXM,900.69
405,Czêœæ 405,6EOIUED9WSS2R4L,1999.73
406,Czêœæ 406,4HWX2S76IEFLN0O,1905.74
407,Czêœæ 407,4KBRCE82284DB44,1982.47
408,Czêœæ 408,XC7FMQ48C8OTMY7,404.72
409,Czêœæ 409,EQ87812ROJ32F38,1220.99
410,Czêœæ 410,KGV44AL6I2KRXR6,215.76
411,Czêœæ 411,6EAAYLQL4H2J7XC,2672.62
412,Czêœæ 412,B5D000RD7EK2SP9,535.44
413,Czêœæ 413,F2YXF3LJRYPI301,1772.72
414,Czêœæ 414,F613YW8WAXFNRRT,1738.20
415,Czêœæ 415,1FKVTQ6L9LFI7E3,934.94
416,Czêœæ 416,G56ANE4ZLFYXMK6,2476.77
417,Czêœæ 417,0PV5LKZVZR58RW4,851.13
418,Czêœæ 418,VGTS1HMU7G44PTJ,2581.82
419,Czêœæ 419,RRV987DQVXU2N2N,491.01
420,Czêœæ 420,YW6DMURQGJ2006L,162.22
421,Czêœæ 421,LVHLW4QLJ83ACWY,2902.65
422,Czêœæ 422,J5BMKDVYGPW6VRR,305.24
423,Czêœæ 423,NJDTVF64XN3O8UE,712.00
424,Czêœæ 424,5N725QDVJFX9FVU,575.80
425,Czêœæ 425,QOARBS4CZ57RKNM,2223.47
426,Czêœæ 426,JHSDJ9PJEFE1EN6,2617.40
427,Czêœæ 427,AU1HAQD74HBV19F,2419.24
428,Czêœæ 428,VWVGS1HPJTQBX4E,551.28
429,Czêœæ 429,35UEZFH4S4EOL2C,359.76
430,Czêœæ 430,CWB2NOQA7NUYDSQ,1277.10
431,Czêœæ 431,E0SVXL3CEU83Q6A,2083.90
432,Czêœæ 432,E5T3JWZSZF9IKNZ,1272.41
433,Czêœæ 433,HTJ7M1FTOJQ36JG,308.07
434,Czêœæ 434,9N4G2HXY1UKS4ZT,1093.01
435,Czêœæ 435,LYCILB2Y5EK4FGN,527.38
436,Czêœæ 436,DQT3ZH7WQ8ZNOYV,2472.96
437,Czêœæ 437,BORXM2C0PTH2G87,714.66
438,Czêœæ 438,ILJJ23FRB5DVKA6,2524.12
439,Czêœæ 439,DEV6HC8YWE2YSOJ,2921.05
440,Czêœæ 440,C1R93Q1EN5NHFDU,2436.67
441,Czêœæ 441,5U5SQRFSNYZGXCW,1675.63
442,Czêœæ 442,NQL3U3EH5RKC7BQ,1678.91
443,Czêœæ 443,M24G50K605VMEOL,1385.96
444,Czêœæ 444,NOSOO2U0BOP0RA2,897.33
445,Czêœæ 445,OKT0AZ0PW7MIZ7R,1837.42
446,Czêœæ 446,WZLC3B0SK8XPRLN,1916.54
447,Czêœæ 447,AAGVIJRSFFHJ83L,1093.63
448,Czêœæ 448,V274GDHDKRPC3JD,1938.93
449,Czêœæ 449,E4GT3ISVU2015A4,1296.22
450,Czêœæ 450,UARNCE8131KW7XV,2245.51
451,Czêœæ 451,R4DFMQZ7N4U92P7,2865.21
452,Czêœæ 452,VBK91WQQ16BEKB6,2395.08
453,Czêœæ 453,9LK0G0U349WEKG0,1598.46
454,Czêœæ 454,GD7FOO73Y1YOK5L,224.70
455,Czêœæ 455,8Y1GFCQJBPQ15EG,271.96
456,Czêœæ 456,NCCKMQUDARWS4E1,549.51
457,Czêœæ 457,D0F85QU8AK2465X,2840.25
458,Czêœæ 458,IF68Q2BI1OQY9JQ,662.88
459,Czêœæ 459,ENFZH6Z9W1ZM0ZR,2835.38
460,Czêœæ 460,V79GJVJ4FKB951F,1936.27
461,Czêœæ 461,S2L1ABWULXJSXH5,767.94
462,Czêœæ 462,1DYBJUIJ1I49AQ0,1119.03
463,Czêœæ 463,NZGVYE3OT4NOVV4,1226.56
464,Czêœæ 464,KN951NR1104MMQM,1938.93
465,Czêœæ 465,O8GC4JG9JEUWCXS,1277.90
466,Czêœæ 466,K5MZPYZCTK8GN7T,601.64
467,Czêœæ 467,5E2SOMC8H2DBIU8,2066.91
468,Czêœæ 468,LXV4F3TGRVKK37C,291.26
469,Czêœæ 469,4DENAI3UME7USJ8,116.28
470,Czêœæ 470,BHFWVXUZT53E0C4,2469.77
471,Czêœæ 471,NXZM2TW1F4PFY1T,1827.50
472,Czêœæ 472,IASRXAEBDHL8DSD,1077.17
473,Czêœæ 473,862G818OMPYL7MN,279.57
474,Czêœæ 474,UCEE9G48DXSWYNU,2832.02
475,Czêœæ 475,QRMEORJRGXZLPYL,1329.94
476,Czêœæ 476,NJZK389SK7HTJVN,1130.36
477,Czêœæ 477,41KQUZRJHBK23FG,413.92
478,Czêœæ 478,EV4Q324P9SBK47X,2147.18
479,Czêœæ 479,4WGN7PBJEXK093K,2845.30
480,Czêœæ 480,DNOQYH2UAW0W928,1634.74
481,Czêœæ 481,XCTQX4LC993FNZJ,615.62
482,Czêœæ 482,9SCEU72826S9ADB,2324.10
483,Czêœæ 483,71N5XY2SB0RG6N4,1394.90
484,Czêœæ 484,ZMV60M5MTCK770B,2324.01
485,Czêœæ 485,QUWN0L1TXYAMS3L,2431.01
486,Czêœæ 486,X9NWPNU0ZOGR5N7,921.58
487,Czêœæ 487,YWD8KYMVA7W6M3B,2150.10
488,Czêœæ 488,1H8MB6MACNZKU1G,1481.90
489,Czêœæ 489,NVHHVW3W9YYEHIP,156.29
490,Czêœæ 490,I1ZKOAPTD16Y73Q,2748.47
491,Czêœæ 491,AZ55OTUY4T34ZES,132.04
492,Czêœæ 492,GZC075USC6OY1M4,1742.36
493,Czêœæ 493,LWWGE7RCQYKCLL3,1137.88
494,Czêœæ 494,M1QKN9Q4626FECM,2463.40
495,Czêœæ 495,L2CQN7JN3E5C4ZJ,512.16
496,Czêœæ 496,64232F8BS87P89T,1389.06
497,Czêœæ 497,3SL0U1UAU9P6RQ3,2572.00
498,Czêœæ 498,N7VQFF5NSXK11N1,1975.22
499,Czêœæ 499,1RGHBHZXTIXUXXS,1211.78
500,Czêœæ 500,XOY8AH004592JG9,155.76
