1,52,Imie 1,Nazwisko 1
2,186,Imie 2,Nazwisko 2
3,71,Imie 3,Nazwisko 3
4,67,Imie 4,Nazwisko 4
5,139,Imie 5,Nazwisko 5
6,116,Imie 6,Nazwisko 6
7,167,Imie 7,Nazwisko 7
8,157,Imie 8,Nazwisko 8
9,37,Imie 9,Nazwisko 9
10,73,Imie 10,Nazwisko 10
11,91,Imie 11,Nazwisko 11
12,176,Imie 12,Nazwisko 12
13,4,Imie 13,Nazwisko 13
14,102,Imie 14,Nazwisko 14
15,19,Imie 15,Nazwisko 15
16,28,Imie 16,Nazwisko 16
17,198,Imie 17,Nazwisko 17
18,197,Imie 18,Nazwisko 18
19,46,Imie 19,Nazwisko 19
20,30,Imie 20,Nazwisko 20
21,124,Imie 21,Nazwisko 21
22,157,Imie 22,Nazwisko 22
23,87,Imie 23,Nazwisko 23
24,148,Imie 24,Nazwisko 24
25,76,Imie 25,Nazwisko 25
26,62,Imie 26,Nazwisko 26
27,38,Imie 27,Nazwisko 27
28,115,Imie 28,Nazwisko 28
29,187,Imie 29,Nazwisko 29
30,171,Imie 30,Nazwisko 30
31,137,Imie 31,Nazwisko 31
32,75,Imie 32,Nazwisko 32
33,79,Imie 33,Nazwisko 33
34,96,Imie 34,Nazwisko 34
35,100,Imie 35,Nazwisko 35
36,184,Imie 36,Nazwisko 36
37,141,Imie 37,Nazwisko 37
38,158,Imie 38,Nazwisko 38
39,22,Imie 39,Nazwisko 39
40,189,Imie 40,Nazwisko 40
41,86,Imie 41,Nazwisko 41
42,21,Imie 42,Nazwisko 42
43,78,Imie 43,Nazwisko 43
44,156,Imie 44,Nazwisko 44
45,24,Imie 45,Nazwisko 45
46,98,Imie 46,Nazwisko 46
47,70,Imie 47,Nazwisko 47
48,57,Imie 48,Nazwisko 48
49,42,Imie 49,Nazwisko 49
50,25,Imie 50,Nazwisko 50
51,127,Imie 51,Nazwisko 51
52,48,Imie 52,Nazwisko 52
53,151,Imie 53,Nazwisko 53
54,61,Imie 54,Nazwisko 54
55,53,Imie 55,Nazwisko 55
56,196,Imie 56,Nazwisko 56
57,110,Imie 57,Nazwisko 57
58,181,Imie 58,Nazwisko 58
59,149,Imie 59,Nazwisko 59
60,130,Imie 60,Nazwisko 60
61,33,Imie 61,Nazwisko 61
62,177,Imie 62,Nazwisko 62
63,68,Imie 63,Nazwisko 63
64,188,Imie 64,Nazwisko 64
65,110,Imie 65,Nazwisko 65
66,126,Imie 66,Nazwisko 66
67,122,Imie 67,Nazwisko 67
68,50,Imie 68,Nazwisko 68
69,147,Imie 69,Nazwisko 69
70,125,Imie 70,Nazwisko 70
71,31,Imie 71,Nazwisko 71
72,46,Imie 72,Nazwisko 72
73,181,Imie 73,Nazwisko 73
74,27,Imie 74,Nazwisko 74
75,84,Imie 75,Nazwisko 75
76,151,Imie 76,Nazwisko 76
77,82,Imie 77,Nazwisko 77
78,117,Imie 78,Nazwisko 78
79,181,Imie 79,Nazwisko 79
80,113,Imie 80,Nazwisko 80
81,149,Imie 81,Nazwisko 81
82,154,Imie 82,Nazwisko 82
83,133,Imie 83,Nazwisko 83
84,147,Imie 84,Nazwisko 84
85,138,Imie 85,Nazwisko 85
86,149,Imie 86,Nazwisko 86
87,35,Imie 87,Nazwisko 87
88,121,Imie 88,Nazwisko 88
89,50,Imie 89,Nazwisko 89
90,11,Imie 90,Nazwisko 90
91,100,Imie 91,Nazwisko 91
92,34,Imie 92,Nazwisko 92
93,1,Imie 93,Nazwisko 93
94,114,Imie 94,Nazwisko 94
95,152,Imie 95,Nazwisko 95
96,85,Imie 96,Nazwisko 96
97,23,Imie 97,Nazwisko 97
98,27,Imie 98,Nazwisko 98
99,33,Imie 99,Nazwisko 99
100,32,Imie 100,Nazwisko 100
101,156,Imie 101,Nazwisko 101
102,41,Imie 102,Nazwisko 102
103,42,Imie 103,Nazwisko 103
104,49,Imie 104,Nazwisko 104
105,56,Imie 105,Nazwisko 105
106,42,Imie 106,Nazwisko 106
107,69,Imie 107,Nazwisko 107
108,40,Imie 108,Nazwisko 108
109,25,Imie 109,Nazwisko 109
110,102,Imie 110,Nazwisko 110
111,88,Imie 111,Nazwisko 111
112,12,Imie 112,Nazwisko 112
113,166,Imie 113,Nazwisko 113
114,197,Imie 114,Nazwisko 114
115,176,Imie 115,Nazwisko 115
116,181,Imie 116,Nazwisko 116
117,44,Imie 117,Nazwisko 117
118,70,Imie 118,Nazwisko 118
119,150,Imie 119,Nazwisko 119
120,91,Imie 120,Nazwisko 120
121,15,Imie 121,Nazwisko 121
122,118,Imie 122,Nazwisko 122
123,145,Imie 123,Nazwisko 123
124,117,Imie 124,Nazwisko 124
125,51,Imie 125,Nazwisko 125
126,93,Imie 126,Nazwisko 126
127,13,Imie 127,Nazwisko 127
128,76,Imie 128,Nazwisko 128
129,35,Imie 129,Nazwisko 129
130,175,Imie 130,Nazwisko 130
131,194,Imie 131,Nazwisko 131
132,105,Imie 132,Nazwisko 132
133,90,Imie 133,Nazwisko 133
134,73,Imie 134,Nazwisko 134
135,112,Imie 135,Nazwisko 135
136,148,Imie 136,Nazwisko 136
137,16,Imie 137,Nazwisko 137
138,147,Imie 138,Nazwisko 138
139,122,Imie 139,Nazwisko 139
140,119,Imie 140,Nazwisko 140
141,127,Imie 141,Nazwisko 141
142,197,Imie 142,Nazwisko 142
143,40,Imie 143,Nazwisko 143
144,34,Imie 144,Nazwisko 144
145,47,Imie 145,Nazwisko 145
146,197,Imie 146,Nazwisko 146
147,97,Imie 147,Nazwisko 147
148,88,Imie 148,Nazwisko 148
149,182,Imie 149,Nazwisko 149
150,144,Imie 150,Nazwisko 150
151,128,Imie 151,Nazwisko 151
152,10,Imie 152,Nazwisko 152
153,124,Imie 153,Nazwisko 153
154,190,Imie 154,Nazwisko 154
155,103,Imie 155,Nazwisko 155
156,114,Imie 156,Nazwisko 156
157,63,Imie 157,Nazwisko 157
158,131,Imie 158,Nazwisko 158
159,89,Imie 159,Nazwisko 159
160,75,Imie 160,Nazwisko 160
161,66,Imie 161,Nazwisko 161
162,75,Imie 162,Nazwisko 162
163,61,Imie 163,Nazwisko 163
164,103,Imie 164,Nazwisko 164
165,51,Imie 165,Nazwisko 165
166,30,Imie 166,Nazwisko 166
167,112,Imie 167,Nazwisko 167
168,129,Imie 168,Nazwisko 168
169,101,Imie 169,Nazwisko 169
170,77,Imie 170,Nazwisko 170
171,57,Imie 171,Nazwisko 171
172,100,Imie 172,Nazwisko 172
173,43,Imie 173,Nazwisko 173
174,28,Imie 174,Nazwisko 174
175,195,Imie 175,Nazwisko 175
176,91,Imie 176,Nazwisko 176
177,110,Imie 177,Nazwisko 177
178,48,Imie 178,Nazwisko 178
179,63,Imie 179,Nazwisko 179
180,155,Imie 180,Nazwisko 180
181,152,Imie 181,Nazwisko 181
182,130,Imie 182,Nazwisko 182
183,112,Imie 183,Nazwisko 183
184,174,Imie 184,Nazwisko 184
185,138,Imie 185,Nazwisko 185
186,180,Imie 186,Nazwisko 186
187,187,Imie 187,Nazwisko 187
188,113,Imie 188,Nazwisko 188
189,36,Imie 189,Nazwisko 189
190,188,Imie 190,Nazwisko 190
191,94,Imie 191,Nazwisko 191
192,128,Imie 192,Nazwisko 192
193,35,Imie 193,Nazwisko 193
194,151,Imie 194,Nazwisko 194
195,112,Imie 195,Nazwisko 195
196,33,Imie 196,Nazwisko 196
197,168,Imie 197,Nazwisko 197
198,192,Imie 198,Nazwisko 198
199,154,Imie 199,Nazwisko 199
200,38,Imie 200,Nazwisko 200
201,54,Imie 201,Nazwisko 201
202,129,Imie 202,Nazwisko 202
203,85,Imie 203,Nazwisko 203
204,143,Imie 204,Nazwisko 204
205,116,Imie 205,Nazwisko 205
206,88,Imie 206,Nazwisko 206
207,59,Imie 207,Nazwisko 207
208,95,Imie 208,Nazwisko 208
209,12,Imie 209,Nazwisko 209
210,38,Imie 210,Nazwisko 210
211,106,Imie 211,Nazwisko 211
212,150,Imie 212,Nazwisko 212
213,138,Imie 213,Nazwisko 213
214,165,Imie 214,Nazwisko 214
215,55,Imie 215,Nazwisko 215
216,151,Imie 216,Nazwisko 216
217,153,Imie 217,Nazwisko 217
218,192,Imie 218,Nazwisko 218
219,71,Imie 219,Nazwisko 219
220,146,Imie 220,Nazwisko 220
221,59,Imie 221,Nazwisko 221
222,63,Imie 222,Nazwisko 222
223,124,Imie 223,Nazwisko 223
224,13,Imie 224,Nazwisko 224
225,72,Imie 225,Nazwisko 225
226,18,Imie 226,Nazwisko 226
227,61,Imie 227,Nazwisko 227
228,23,Imie 228,Nazwisko 228
229,185,Imie 229,Nazwisko 229
230,14,Imie 230,Nazwisko 230
231,31,Imie 231,Nazwisko 231
232,125,Imie 232,Nazwisko 232
233,125,Imie 233,Nazwisko 233
234,118,Imie 234,Nazwisko 234
235,11,Imie 235,Nazwisko 235
236,192,Imie 236,Nazwisko 236
237,75,Imie 237,Nazwisko 237
238,148,Imie 238,Nazwisko 238
239,48,Imie 239,Nazwisko 239
240,191,Imie 240,Nazwisko 240
241,81,Imie 241,Nazwisko 241
242,144,Imie 242,Nazwisko 242
243,115,Imie 243,Nazwisko 243
244,57,Imie 244,Nazwisko 244
245,180,Imie 245,Nazwisko 245
246,24,Imie 246,Nazwisko 246
247,187,Imie 247,Nazwisko 247
248,37,Imie 248,Nazwisko 248
249,1,Imie 249,Nazwisko 249
250,121,Imie 250,Nazwisko 250
251,90,Imie 251,Nazwisko 251
252,102,Imie 252,Nazwisko 252
253,36,Imie 253,Nazwisko 253
254,28,Imie 254,Nazwisko 254
255,81,Imie 255,Nazwisko 255
256,73,Imie 256,Nazwisko 256
257,167,Imie 257,Nazwisko 257
258,117,Imie 258,Nazwisko 258
259,179,Imie 259,Nazwisko 259
260,49,Imie 260,Nazwisko 260
261,101,Imie 261,Nazwisko 261
262,24,Imie 262,Nazwisko 262
263,14,Imie 263,Nazwisko 263
264,5,Imie 264,Nazwisko 264
265,160,Imie 265,Nazwisko 265
266,53,Imie 266,Nazwisko 266
267,101,Imie 267,Nazwisko 267
268,104,Imie 268,Nazwisko 268
269,104,Imie 269,Nazwisko 269
270,150,Imie 270,Nazwisko 270
271,57,Imie 271,Nazwisko 271
272,153,Imie 272,Nazwisko 272
273,12,Imie 273,Nazwisko 273
274,69,Imie 274,Nazwisko 274
275,144,Imie 275,Nazwisko 275
276,76,Imie 276,Nazwisko 276
277,102,Imie 277,Nazwisko 277
278,124,Imie 278,Nazwisko 278
279,118,Imie 279,Nazwisko 279
280,65,Imie 280,Nazwisko 280
281,82,Imie 281,Nazwisko 281
282,55,Imie 282,Nazwisko 282
283,76,Imie 283,Nazwisko 283
284,43,Imie 284,Nazwisko 284
285,127,Imie 285,Nazwisko 285
286,165,Imie 286,Nazwisko 286
287,151,Imie 287,Nazwisko 287
288,84,Imie 288,Nazwisko 288
289,121,Imie 289,Nazwisko 289
290,111,Imie 290,Nazwisko 290
291,67,Imie 291,Nazwisko 291
292,167,Imie 292,Nazwisko 292
293,134,Imie 293,Nazwisko 293
294,95,Imie 294,Nazwisko 294
295,151,Imie 295,Nazwisko 295
296,22,Imie 296,Nazwisko 296
297,48,Imie 297,Nazwisko 297
298,133,Imie 298,Nazwisko 298
299,18,Imie 299,Nazwisko 299
300,21,Imie 300,Nazwisko 300
301,170,Imie 301,Nazwisko 301
302,46,Imie 302,Nazwisko 302
303,22,Imie 303,Nazwisko 303
304,190,Imie 304,Nazwisko 304
305,175,Imie 305,Nazwisko 305
306,39,Imie 306,Nazwisko 306
307,108,Imie 307,Nazwisko 307
308,55,Imie 308,Nazwisko 308
309,183,Imie 309,Nazwisko 309
310,88,Imie 310,Nazwisko 310
311,104,Imie 311,Nazwisko 311
312,193,Imie 312,Nazwisko 312
313,67,Imie 313,Nazwisko 313
314,140,Imie 314,Nazwisko 314
315,22,Imie 315,Nazwisko 315
316,18,Imie 316,Nazwisko 316
317,43,Imie 317,Nazwisko 317
318,95,Imie 318,Nazwisko 318
319,93,Imie 319,Nazwisko 319
320,86,Imie 320,Nazwisko 320
321,102,Imie 321,Nazwisko 321
322,121,Imie 322,Nazwisko 322
323,20,Imie 323,Nazwisko 323
324,185,Imie 324,Nazwisko 324
325,122,Imie 325,Nazwisko 325
326,171,Imie 326,Nazwisko 326
327,2,Imie 327,Nazwisko 327
328,56,Imie 328,Nazwisko 328
329,77,Imie 329,Nazwisko 329
330,15,Imie 330,Nazwisko 330
331,82,Imie 331,Nazwisko 331
332,200,Imie 332,Nazwisko 332
333,131,Imie 333,Nazwisko 333
334,61,Imie 334,Nazwisko 334
335,95,Imie 335,Nazwisko 335
336,111,Imie 336,Nazwisko 336
337,168,Imie 337,Nazwisko 337
338,3,Imie 338,Nazwisko 338
339,148,Imie 339,Nazwisko 339
340,194,Imie 340,Nazwisko 340
341,120,Imie 341,Nazwisko 341
342,181,Imie 342,Nazwisko 342
343,7,Imie 343,Nazwisko 343
344,86,Imie 344,Nazwisko 344
345,165,Imie 345,Nazwisko 345
346,141,Imie 346,Nazwisko 346
347,47,Imie 347,Nazwisko 347
348,28,Imie 348,Nazwisko 348
349,186,Imie 349,Nazwisko 349
350,181,Imie 350,Nazwisko 350
351,148,Imie 351,Nazwisko 351
352,119,Imie 352,Nazwisko 352
353,46,Imie 353,Nazwisko 353
354,26,Imie 354,Nazwisko 354
355,126,Imie 355,Nazwisko 355
356,159,Imie 356,Nazwisko 356
357,90,Imie 357,Nazwisko 357
358,67,Imie 358,Nazwisko 358
359,72,Imie 359,Nazwisko 359
360,83,Imie 360,Nazwisko 360
361,174,Imie 361,Nazwisko 361
362,179,Imie 362,Nazwisko 362
363,14,Imie 363,Nazwisko 363
364,178,Imie 364,Nazwisko 364
365,161,Imie 365,Nazwisko 365
366,195,Imie 366,Nazwisko 366
367,5,Imie 367,Nazwisko 367
368,186,Imie 368,Nazwisko 368
369,168,Imie 369,Nazwisko 369
370,36,Imie 370,Nazwisko 370
371,2,Imie 371,Nazwisko 371
372,5,Imie 372,Nazwisko 372
373,65,Imie 373,Nazwisko 373
374,138,Imie 374,Nazwisko 374
375,141,Imie 375,Nazwisko 375
376,169,Imie 376,Nazwisko 376
377,120,Imie 377,Nazwisko 377
378,53,Imie 378,Nazwisko 378
379,31,Imie 379,Nazwisko 379
380,183,Imie 380,Nazwisko 380
381,138,Imie 381,Nazwisko 381
382,157,Imie 382,Nazwisko 382
383,67,Imie 383,Nazwisko 383
384,191,Imie 384,Nazwisko 384
385,128,Imie 385,Nazwisko 385
386,27,Imie 386,Nazwisko 386
387,137,Imie 387,Nazwisko 387
388,25,Imie 388,Nazwisko 388
389,150,Imie 389,Nazwisko 389
390,144,Imie 390,Nazwisko 390
391,144,Imie 391,Nazwisko 391
392,47,Imie 392,Nazwisko 392
393,101,Imie 393,Nazwisko 393
394,128,Imie 394,Nazwisko 394
395,125,Imie 395,Nazwisko 395
396,177,Imie 396,Nazwisko 396
397,189,Imie 397,Nazwisko 397
398,151,Imie 398,Nazwisko 398
399,191,Imie 399,Nazwisko 399
400,57,Imie 400,Nazwisko 400
401,47,Imie 401,Nazwisko 401
402,199,Imie 402,Nazwisko 402
403,101,Imie 403,Nazwisko 403
404,152,Imie 404,Nazwisko 404
405,90,Imie 405,Nazwisko 405
406,176,Imie 406,Nazwisko 406
407,26,Imie 407,Nazwisko 407
408,136,Imie 408,Nazwisko 408
409,180,Imie 409,Nazwisko 409
410,58,Imie 410,Nazwisko 410
411,87,Imie 411,Nazwisko 411
412,13,Imie 412,Nazwisko 412
413,140,Imie 413,Nazwisko 413
414,167,Imie 414,Nazwisko 414
415,10,Imie 415,Nazwisko 415
416,38,Imie 416,Nazwisko 416
417,93,Imie 417,Nazwisko 417
418,20,Imie 418,Nazwisko 418
419,134,Imie 419,Nazwisko 419
420,39,Imie 420,Nazwisko 420
421,198,Imie 421,Nazwisko 421
422,65,Imie 422,Nazwisko 422
423,179,Imie 423,Nazwisko 423
424,124,Imie 424,Nazwisko 424
425,24,Imie 425,Nazwisko 425
426,159,Imie 426,Nazwisko 426
427,87,Imie 427,Nazwisko 427
428,135,Imie 428,Nazwisko 428
429,63,Imie 429,Nazwisko 429
430,146,Imie 430,Nazwisko 430
431,37,Imie 431,Nazwisko 431
432,26,Imie 432,Nazwisko 432
433,21,Imie 433,Nazwisko 433
434,151,Imie 434,Nazwisko 434
435,173,Imie 435,Nazwisko 435
436,12,Imie 436,Nazwisko 436
437,51,Imie 437,Nazwisko 437
438,79,Imie 438,Nazwisko 438
439,196,Imie 439,Nazwisko 439
440,77,Imie 440,Nazwisko 440
441,129,Imie 441,Nazwisko 441
442,28,Imie 442,Nazwisko 442
443,118,Imie 443,Nazwisko 443
444,28,Imie 444,Nazwisko 444
445,48,Imie 445,Nazwisko 445
446,28,Imie 446,Nazwisko 446
447,153,Imie 447,Nazwisko 447
448,132,Imie 448,Nazwisko 448
449,22,Imie 449,Nazwisko 449
450,20,Imie 450,Nazwisko 450
451,156,Imie 451,Nazwisko 451
452,170,Imie 452,Nazwisko 452
453,17,Imie 453,Nazwisko 453
454,39,Imie 454,Nazwisko 454
455,48,Imie 455,Nazwisko 455
456,154,Imie 456,Nazwisko 456
457,112,Imie 457,Nazwisko 457
458,55,Imie 458,Nazwisko 458
459,5,Imie 459,Nazwisko 459
460,34,Imie 460,Nazwisko 460
461,119,Imie 461,Nazwisko 461
462,131,Imie 462,Nazwisko 462
463,8,Imie 463,Nazwisko 463
464,63,Imie 464,Nazwisko 464
465,1,Imie 465,Nazwisko 465
466,2,Imie 466,Nazwisko 466
467,139,Imie 467,Nazwisko 467
468,111,Imie 468,Nazwisko 468
469,91,Imie 469,Nazwisko 469
470,38,Imie 470,Nazwisko 470
471,29,Imie 471,Nazwisko 471
472,183,Imie 472,Nazwisko 472
473,118,Imie 473,Nazwisko 473
474,196,Imie 474,Nazwisko 474
475,124,Imie 475,Nazwisko 475
476,158,Imie 476,Nazwisko 476
477,173,Imie 477,Nazwisko 477
478,164,Imie 478,Nazwisko 478
479,113,Imie 479,Nazwisko 479
480,41,Imie 480,Nazwisko 480
481,96,Imie 481,Nazwisko 481
482,100,Imie 482,Nazwisko 482
483,171,Imie 483,Nazwisko 483
484,168,Imie 484,Nazwisko 484
485,81,Imie 485,Nazwisko 485
486,114,Imie 486,Nazwisko 486
487,103,Imie 487,Nazwisko 487
488,177,Imie 488,Nazwisko 488
489,37,Imie 489,Nazwisko 489
490,193,Imie 490,Nazwisko 490
491,174,Imie 491,Nazwisko 491
492,180,Imie 492,Nazwisko 492
493,108,Imie 493,Nazwisko 493
494,3,Imie 494,Nazwisko 494
495,143,Imie 495,Nazwisko 495
496,39,Imie 496,Nazwisko 496
497,77,Imie 497,Nazwisko 497
498,56,Imie 498,Nazwisko 498
499,182,Imie 499,Nazwisko 499
500,26,Imie 500,Nazwisko 500
501,75,Imie 501,Nazwisko 501
502,158,Imie 502,Nazwisko 502
503,149,Imie 503,Nazwisko 503
504,110,Imie 504,Nazwisko 504
505,173,Imie 505,Nazwisko 505
506,82,Imie 506,Nazwisko 506
507,66,Imie 507,Nazwisko 507
508,41,Imie 508,Nazwisko 508
509,149,Imie 509,Nazwisko 509
510,174,Imie 510,Nazwisko 510
511,121,Imie 511,Nazwisko 511
512,133,Imie 512,Nazwisko 512
513,70,Imie 513,Nazwisko 513
514,27,Imie 514,Nazwisko 514
515,180,Imie 515,Nazwisko 515
516,35,Imie 516,Nazwisko 516
517,44,Imie 517,Nazwisko 517
518,41,Imie 518,Nazwisko 518
519,72,Imie 519,Nazwisko 519
520,65,Imie 520,Nazwisko 520
521,7,Imie 521,Nazwisko 521
522,140,Imie 522,Nazwisko 522
523,186,Imie 523,Nazwisko 523
524,19,Imie 524,Nazwisko 524
525,176,Imie 525,Nazwisko 525
526,129,Imie 526,Nazwisko 526
527,162,Imie 527,Nazwisko 527
528,185,Imie 528,Nazwisko 528
529,167,Imie 529,Nazwisko 529
530,138,Imie 530,Nazwisko 530
531,14,Imie 531,Nazwisko 531
532,150,Imie 532,Nazwisko 532
533,187,Imie 533,Nazwisko 533
534,110,Imie 534,Nazwisko 534
535,122,Imie 535,Nazwisko 535
536,113,Imie 536,Nazwisko 536
537,20,Imie 537,Nazwisko 537
538,165,Imie 538,Nazwisko 538
539,31,Imie 539,Nazwisko 539
540,39,Imie 540,Nazwisko 540
541,158,Imie 541,Nazwisko 541
542,162,Imie 542,Nazwisko 542
543,185,Imie 543,Nazwisko 543
544,144,Imie 544,Nazwisko 544
545,135,Imie 545,Nazwisko 545
546,122,Imie 546,Nazwisko 546
547,38,Imie 547,Nazwisko 547
548,153,Imie 548,Nazwisko 548
549,83,Imie 549,Nazwisko 549
550,148,Imie 550,Nazwisko 550
551,196,Imie 551,Nazwisko 551
552,91,Imie 552,Nazwisko 552
553,165,Imie 553,Nazwisko 553
554,153,Imie 554,Nazwisko 554
555,162,Imie 555,Nazwisko 555
556,153,Imie 556,Nazwisko 556
557,113,Imie 557,Nazwisko 557
558,86,Imie 558,Nazwisko 558
559,161,Imie 559,Nazwisko 559
560,103,Imie 560,Nazwisko 560
561,96,Imie 561,Nazwisko 561
562,168,Imie 562,Nazwisko 562
563,172,Imie 563,Nazwisko 563
564,121,Imie 564,Nazwisko 564
565,163,Imie 565,Nazwisko 565
566,111,Imie 566,Nazwisko 566
567,62,Imie 567,Nazwisko 567
568,146,Imie 568,Nazwisko 568
569,156,Imie 569,Nazwisko 569
570,182,Imie 570,Nazwisko 570
571,171,Imie 571,Nazwisko 571
572,23,Imie 572,Nazwisko 572
573,137,Imie 573,Nazwisko 573
574,10,Imie 574,Nazwisko 574
575,26,Imie 575,Nazwisko 575
576,107,Imie 576,Nazwisko 576
577,114,Imie 577,Nazwisko 577
578,32,Imie 578,Nazwisko 578
579,65,Imie 579,Nazwisko 579
580,20,Imie 580,Nazwisko 580
581,62,Imie 581,Nazwisko 581
582,108,Imie 582,Nazwisko 582
583,26,Imie 583,Nazwisko 583
584,189,Imie 584,Nazwisko 584
585,128,Imie 585,Nazwisko 585
586,48,Imie 586,Nazwisko 586
587,181,Imie 587,Nazwisko 587
588,29,Imie 588,Nazwisko 588
589,168,Imie 589,Nazwisko 589
590,90,Imie 590,Nazwisko 590
591,117,Imie 591,Nazwisko 591
592,160,Imie 592,Nazwisko 592
593,159,Imie 593,Nazwisko 593
594,153,Imie 594,Nazwisko 594
595,159,Imie 595,Nazwisko 595
596,165,Imie 596,Nazwisko 596
597,27,Imie 597,Nazwisko 597
598,17,Imie 598,Nazwisko 598
599,192,Imie 599,Nazwisko 599
600,96,Imie 600,Nazwisko 600
601,44,Imie 601,Nazwisko 601
602,124,Imie 602,Nazwisko 602
603,199,Imie 603,Nazwisko 603
604,17,Imie 604,Nazwisko 604
605,78,Imie 605,Nazwisko 605
606,4,Imie 606,Nazwisko 606
607,139,Imie 607,Nazwisko 607
608,84,Imie 608,Nazwisko 608
609,72,Imie 609,Nazwisko 609
610,126,Imie 610,Nazwisko 610
611,78,Imie 611,Nazwisko 611
612,50,Imie 612,Nazwisko 612
613,196,Imie 613,Nazwisko 613
614,161,Imie 614,Nazwisko 614
615,58,Imie 615,Nazwisko 615
616,96,Imie 616,Nazwisko 616
617,81,Imie 617,Nazwisko 617
618,128,Imie 618,Nazwisko 618
619,187,Imie 619,Nazwisko 619
620,111,Imie 620,Nazwisko 620
621,109,Imie 621,Nazwisko 621
622,132,Imie 622,Nazwisko 622
623,117,Imie 623,Nazwisko 623
624,52,Imie 624,Nazwisko 624
625,190,Imie 625,Nazwisko 625
626,158,Imie 626,Nazwisko 626
627,135,Imie 627,Nazwisko 627
628,185,Imie 628,Nazwisko 628
629,19,Imie 629,Nazwisko 629
630,91,Imie 630,Nazwisko 630
631,81,Imie 631,Nazwisko 631
632,147,Imie 632,Nazwisko 632
633,158,Imie 633,Nazwisko 633
634,176,Imie 634,Nazwisko 634
635,154,Imie 635,Nazwisko 635
636,125,Imie 636,Nazwisko 636
637,125,Imie 637,Nazwisko 637
638,104,Imie 638,Nazwisko 638
639,101,Imie 639,Nazwisko 639
640,109,Imie 640,Nazwisko 640
641,9,Imie 641,Nazwisko 641
642,132,Imie 642,Nazwisko 642
643,52,Imie 643,Nazwisko 643
644,173,Imie 644,Nazwisko 644
645,23,Imie 645,Nazwisko 645
646,58,Imie 646,Nazwisko 646
647,101,Imie 647,Nazwisko 647
648,181,Imie 648,Nazwisko 648
649,141,Imie 649,Nazwisko 649
650,58,Imie 650,Nazwisko 650
651,116,Imie 651,Nazwisko 651
652,111,Imie 652,Nazwisko 652
653,87,Imie 653,Nazwisko 653
654,77,Imie 654,Nazwisko 654
655,58,Imie 655,Nazwisko 655
656,43,Imie 656,Nazwisko 656
657,51,Imie 657,Nazwisko 657
658,38,Imie 658,Nazwisko 658
659,93,Imie 659,Nazwisko 659
660,100,Imie 660,Nazwisko 660
661,170,Imie 661,Nazwisko 661
662,69,Imie 662,Nazwisko 662
663,144,Imie 663,Nazwisko 663
664,51,Imie 664,Nazwisko 664
665,200,Imie 665,Nazwisko 665
666,114,Imie 666,Nazwisko 666
667,36,Imie 667,Nazwisko 667
668,35,Imie 668,Nazwisko 668
669,173,Imie 669,Nazwisko 669
670,79,Imie 670,Nazwisko 670
671,166,Imie 671,Nazwisko 671
672,76,Imie 672,Nazwisko 672
673,125,Imie 673,Nazwisko 673
674,169,Imie 674,Nazwisko 674
675,91,Imie 675,Nazwisko 675
676,36,Imie 676,Nazwisko 676
677,197,Imie 677,Nazwisko 677
678,56,Imie 678,Nazwisko 678
679,74,Imie 679,Nazwisko 679
680,11,Imie 680,Nazwisko 680
681,103,Imie 681,Nazwisko 681
682,21,Imie 682,Nazwisko 682
683,169,Imie 683,Nazwisko 683
684,125,Imie 684,Nazwisko 684
685,144,Imie 685,Nazwisko 685
686,28,Imie 686,Nazwisko 686
687,83,Imie 687,Nazwisko 687
688,197,Imie 688,Nazwisko 688
689,184,Imie 689,Nazwisko 689
690,42,Imie 690,Nazwisko 690
691,16,Imie 691,Nazwisko 691
692,184,Imie 692,Nazwisko 692
693,97,Imie 693,Nazwisko 693
694,96,Imie 694,Nazwisko 694
695,37,Imie 695,Nazwisko 695
696,24,Imie 696,Nazwisko 696
697,147,Imie 697,Nazwisko 697
698,1,Imie 698,Nazwisko 698
699,109,Imie 699,Nazwisko 699
700,83,Imie 700,Nazwisko 700
701,40,Imie 701,Nazwisko 701
702,136,Imie 702,Nazwisko 702
703,32,Imie 703,Nazwisko 703
704,115,Imie 704,Nazwisko 704
705,28,Imie 705,Nazwisko 705
706,110,Imie 706,Nazwisko 706
707,196,Imie 707,Nazwisko 707
708,31,Imie 708,Nazwisko 708
709,127,Imie 709,Nazwisko 709
710,187,Imie 710,Nazwisko 710
711,41,Imie 711,Nazwisko 711
712,49,Imie 712,Nazwisko 712
713,158,Imie 713,Nazwisko 713
714,98,Imie 714,Nazwisko 714
715,105,Imie 715,Nazwisko 715
716,129,Imie 716,Nazwisko 716
717,6,Imie 717,Nazwisko 717
718,66,Imie 718,Nazwisko 718
719,112,Imie 719,Nazwisko 719
720,106,Imie 720,Nazwisko 720
721,27,Imie 721,Nazwisko 721
722,105,Imie 722,Nazwisko 722
723,184,Imie 723,Nazwisko 723
724,20,Imie 724,Nazwisko 724
725,200,Imie 725,Nazwisko 725
726,92,Imie 726,Nazwisko 726
727,64,Imie 727,Nazwisko 727
728,114,Imie 728,Nazwisko 728
729,111,Imie 729,Nazwisko 729
730,93,Imie 730,Nazwisko 730
731,198,Imie 731,Nazwisko 731
732,53,Imie 732,Nazwisko 732
733,60,Imie 733,Nazwisko 733
734,60,Imie 734,Nazwisko 734
735,178,Imie 735,Nazwisko 735
736,89,Imie 736,Nazwisko 736
737,157,Imie 737,Nazwisko 737
738,122,Imie 738,Nazwisko 738
739,158,Imie 739,Nazwisko 739
740,133,Imie 740,Nazwisko 740
741,77,Imie 741,Nazwisko 741
742,122,Imie 742,Nazwisko 742
743,11,Imie 743,Nazwisko 743
744,97,Imie 744,Nazwisko 744
745,137,Imie 745,Nazwisko 745
746,120,Imie 746,Nazwisko 746
747,181,Imie 747,Nazwisko 747
748,51,Imie 748,Nazwisko 748
749,18,Imie 749,Nazwisko 749
750,142,Imie 750,Nazwisko 750
751,81,Imie 751,Nazwisko 751
752,67,Imie 752,Nazwisko 752
753,156,Imie 753,Nazwisko 753
754,124,Imie 754,Nazwisko 754
755,173,Imie 755,Nazwisko 755
756,8,Imie 756,Nazwisko 756
757,103,Imie 757,Nazwisko 757
758,80,Imie 758,Nazwisko 758
759,74,Imie 759,Nazwisko 759
760,138,Imie 760,Nazwisko 760
761,140,Imie 761,Nazwisko 761
762,71,Imie 762,Nazwisko 762
763,190,Imie 763,Nazwisko 763
764,81,Imie 764,Nazwisko 764
765,58,Imie 765,Nazwisko 765
766,75,Imie 766,Nazwisko 766
767,157,Imie 767,Nazwisko 767
768,53,Imie 768,Nazwisko 768
769,25,Imie 769,Nazwisko 769
770,30,Imie 770,Nazwisko 770
771,1,Imie 771,Nazwisko 771
772,72,Imie 772,Nazwisko 772
773,94,Imie 773,Nazwisko 773
774,141,Imie 774,Nazwisko 774
775,103,Imie 775,Nazwisko 775
776,18,Imie 776,Nazwisko 776
777,73,Imie 777,Nazwisko 777
778,80,Imie 778,Nazwisko 778
779,43,Imie 779,Nazwisko 779
780,99,Imie 780,Nazwisko 780
781,148,Imie 781,Nazwisko 781
782,153,Imie 782,Nazwisko 782
783,31,Imie 783,Nazwisko 783
784,38,Imie 784,Nazwisko 784
785,21,Imie 785,Nazwisko 785
786,83,Imie 786,Nazwisko 786
787,184,Imie 787,Nazwisko 787
788,100,Imie 788,Nazwisko 788
789,45,Imie 789,Nazwisko 789
790,61,Imie 790,Nazwisko 790
791,26,Imie 791,Nazwisko 791
792,6,Imie 792,Nazwisko 792
793,154,Imie 793,Nazwisko 793
794,71,Imie 794,Nazwisko 794
795,30,Imie 795,Nazwisko 795
796,15,Imie 796,Nazwisko 796
797,10,Imie 797,Nazwisko 797
798,108,Imie 798,Nazwisko 798
799,104,Imie 799,Nazwisko 799
800,137,Imie 800,Nazwisko 800
801,48,Imie 801,Nazwisko 801
802,177,Imie 802,Nazwisko 802
803,141,Imie 803,Nazwisko 803
804,119,Imie 804,Nazwisko 804
805,148,Imie 805,Nazwisko 805
806,197,Imie 806,Nazwisko 806
807,117,Imie 807,Nazwisko 807
808,140,Imie 808,Nazwisko 808
809,102,Imie 809,Nazwisko 809
810,161,Imie 810,Nazwisko 810
811,5,Imie 811,Nazwisko 811
812,130,Imie 812,Nazwisko 812
813,148,Imie 813,Nazwisko 813
814,130,Imie 814,Nazwisko 814
815,153,Imie 815,Nazwisko 815
816,44,Imie 816,Nazwisko 816
817,101,Imie 817,Nazwisko 817
818,157,Imie 818,Nazwisko 818
819,16,Imie 819,Nazwisko 819
820,128,Imie 820,Nazwisko 820
821,124,Imie 821,Nazwisko 821
822,42,Imie 822,Nazwisko 822
823,24,Imie 823,Nazwisko 823
824,199,Imie 824,Nazwisko 824
825,104,Imie 825,Nazwisko 825
826,20,Imie 826,Nazwisko 826
827,60,Imie 827,Nazwisko 827
828,88,Imie 828,Nazwisko 828
829,43,Imie 829,Nazwisko 829
830,200,Imie 830,Nazwisko 830
831,27,Imie 831,Nazwisko 831
832,132,Imie 832,Nazwisko 832
833,10,Imie 833,Nazwisko 833
834,172,Imie 834,Nazwisko 834
835,123,Imie 835,Nazwisko 835
836,66,Imie 836,Nazwisko 836
837,157,Imie 837,Nazwisko 837
838,18,Imie 838,Nazwisko 838
839,29,Imie 839,Nazwisko 839
840,158,Imie 840,Nazwisko 840
841,32,Imie 841,Nazwisko 841
842,36,Imie 842,Nazwisko 842
843,75,Imie 843,Nazwisko 843
844,118,Imie 844,Nazwisko 844
845,121,Imie 845,Nazwisko 845
846,82,Imie 846,Nazwisko 846
847,111,Imie 847,Nazwisko 847
848,142,Imie 848,Nazwisko 848
849,51,Imie 849,Nazwisko 849
850,147,Imie 850,Nazwisko 850
851,62,Imie 851,Nazwisko 851
852,172,Imie 852,Nazwisko 852
853,154,Imie 853,Nazwisko 853
854,72,Imie 854,Nazwisko 854
855,117,Imie 855,Nazwisko 855
856,62,Imie 856,Nazwisko 856
857,151,Imie 857,Nazwisko 857
858,71,Imie 858,Nazwisko 858
859,186,Imie 859,Nazwisko 859
860,114,Imie 860,Nazwisko 860
861,174,Imie 861,Nazwisko 861
862,62,Imie 862,Nazwisko 862
863,119,Imie 863,Nazwisko 863
864,126,Imie 864,Nazwisko 864
865,199,Imie 865,Nazwisko 865
866,6,Imie 866,Nazwisko 866
867,154,Imie 867,Nazwisko 867
868,18,Imie 868,Nazwisko 868
869,66,Imie 869,Nazwisko 869
870,171,Imie 870,Nazwisko 870
871,128,Imie 871,Nazwisko 871
872,2,Imie 872,Nazwisko 872
873,39,Imie 873,Nazwisko 873
874,169,Imie 874,Nazwisko 874
875,84,Imie 875,Nazwisko 875
876,16,Imie 876,Nazwisko 876
877,196,Imie 877,Nazwisko 877
878,193,Imie 878,Nazwisko 878
879,154,Imie 879,Nazwisko 879
880,122,Imie 880,Nazwisko 880
881,128,Imie 881,Nazwisko 881
882,76,Imie 882,Nazwisko 882
883,41,Imie 883,Nazwisko 883
884,96,Imie 884,Nazwisko 884
885,168,Imie 885,Nazwisko 885
886,103,Imie 886,Nazwisko 886
887,32,Imie 887,Nazwisko 887
888,137,Imie 888,Nazwisko 888
889,87,Imie 889,Nazwisko 889
890,199,Imie 890,Nazwisko 890
891,104,Imie 891,Nazwisko 891
892,22,Imie 892,Nazwisko 892
893,140,Imie 893,Nazwisko 893
894,79,Imie 894,Nazwisko 894
895,178,Imie 895,Nazwisko 895
896,175,Imie 896,Nazwisko 896
897,39,Imie 897,Nazwisko 897
898,168,Imie 898,Nazwisko 898
899,3,Imie 899,Nazwisko 899
900,29,Imie 900,Nazwisko 900
901,35,Imie 901,Nazwisko 901
902,65,Imie 902,Nazwisko 902
903,13,Imie 903,Nazwisko 903
904,63,Imie 904,Nazwisko 904
905,66,Imie 905,Nazwisko 905
906,111,Imie 906,Nazwisko 906
907,128,Imie 907,Nazwisko 907
908,65,Imie 908,Nazwisko 908
909,149,Imie 909,Nazwisko 909
910,118,Imie 910,Nazwisko 910
911,169,Imie 911,Nazwisko 911
912,74,Imie 912,Nazwisko 912
913,188,Imie 913,Nazwisko 913
914,193,Imie 914,Nazwisko 914
915,1,Imie 915,Nazwisko 915
916,180,Imie 916,Nazwisko 916
917,54,Imie 917,Nazwisko 917
918,166,Imie 918,Nazwisko 918
919,41,Imie 919,Nazwisko 919
920,34,Imie 920,Nazwisko 920
921,112,Imie 921,Nazwisko 921
922,37,Imie 922,Nazwisko 922
923,108,Imie 923,Nazwisko 923
924,93,Imie 924,Nazwisko 924
925,59,Imie 925,Nazwisko 925
926,179,Imie 926,Nazwisko 926
927,119,Imie 927,Nazwisko 927
928,135,Imie 928,Nazwisko 928
929,89,Imie 929,Nazwisko 929
930,66,Imie 930,Nazwisko 930
931,196,Imie 931,Nazwisko 931
932,36,Imie 932,Nazwisko 932
933,144,Imie 933,Nazwisko 933
934,115,Imie 934,Nazwisko 934
935,29,Imie 935,Nazwisko 935
936,101,Imie 936,Nazwisko 936
937,99,Imie 937,Nazwisko 937
938,111,Imie 938,Nazwisko 938
939,199,Imie 939,Nazwisko 939
940,183,Imie 940,Nazwisko 940
941,180,Imie 941,Nazwisko 941
942,186,Imie 942,Nazwisko 942
943,92,Imie 943,Nazwisko 943
944,116,Imie 944,Nazwisko 944
945,63,Imie 945,Nazwisko 945
946,33,Imie 946,Nazwisko 946
947,86,Imie 947,Nazwisko 947
948,185,Imie 948,Nazwisko 948
949,187,Imie 949,Nazwisko 949
950,62,Imie 950,Nazwisko 950
951,129,Imie 951,Nazwisko 951
952,95,Imie 952,Nazwisko 952
953,26,Imie 953,Nazwisko 953
954,9,Imie 954,Nazwisko 954
955,120,Imie 955,Nazwisko 955
956,53,Imie 956,Nazwisko 956
957,108,Imie 957,Nazwisko 957
958,161,Imie 958,Nazwisko 958
959,163,Imie 959,Nazwisko 959
960,126,Imie 960,Nazwisko 960
961,14,Imie 961,Nazwisko 961
962,35,Imie 962,Nazwisko 962
963,127,Imie 963,Nazwisko 963
964,159,Imie 964,Nazwisko 964
965,160,Imie 965,Nazwisko 965
966,178,Imie 966,Nazwisko 966
967,63,Imie 967,Nazwisko 967
968,173,Imie 968,Nazwisko 968
969,120,Imie 969,Nazwisko 969
970,168,Imie 970,Nazwisko 970
971,50,Imie 971,Nazwisko 971
972,140,Imie 972,Nazwisko 972
973,41,Imie 973,Nazwisko 973
974,36,Imie 974,Nazwisko 974
975,36,Imie 975,Nazwisko 975
976,138,Imie 976,Nazwisko 976
977,184,Imie 977,Nazwisko 977
978,61,Imie 978,Nazwisko 978
979,169,Imie 979,Nazwisko 979
980,53,Imie 980,Nazwisko 980
981,161,Imie 981,Nazwisko 981
982,102,Imie 982,Nazwisko 982
983,87,Imie 983,Nazwisko 983
984,26,Imie 984,Nazwisko 984
985,196,Imie 985,Nazwisko 985
986,194,Imie 986,Nazwisko 986
987,156,Imie 987,Nazwisko 987
988,80,Imie 988,Nazwisko 988
989,14,Imie 989,Nazwisko 989
990,33,Imie 990,Nazwisko 990
991,48,Imie 991,Nazwisko 991
992,68,Imie 992,Nazwisko 992
993,182,Imie 993,Nazwisko 993
994,164,Imie 994,Nazwisko 994
995,148,Imie 995,Nazwisko 995
996,199,Imie 996,Nazwisko 996
997,5,Imie 997,Nazwisko 997
998,118,Imie 998,Nazwisko 998
999,51,Imie 999,Nazwisko 999
1000,101,Imie 1000,Nazwisko 1000
