1,Stanowisko 1
2,Stanowisko 2
3,Stanowisko 3
4,Stanowisko 4
5,Stanowisko 5
6,Stanowisko 6
7,Stanowisko 7
8,Stanowisko 8
9,Stanowisko 9
10,Stanowisko 10
11,Stanowisko 11
12,Stanowisko 12
13,Stanowisko 13
14,Stanowisko 14
15,Stanowisko 15
16,Stanowisko 16
17,Stanowisko 17
18,Stanowisko 18
19,Stanowisko 19
20,Stanowisko 20
21,Stanowisko 21
22,Stanowisko 22
23,Stanowisko 23
24,Stanowisko 24
25,Stanowisko 25
26,Stanowisko 26
27,Stanowisko 27
28,Stanowisko 28
29,Stanowisko 29
30,Stanowisko 30
31,Stanowisko 31
32,Stanowisko 32
33,Stanowisko 33
34,Stanowisko 34
35,Stanowisko 35
36,Stanowisko 36
37,Stanowisko 37
38,Stanowisko 38
39,Stanowisko 39
40,Stanowisko 40
41,Stanowisko 41
42,Stanowisko 42
43,Stanowisko 43
44,Stanowisko 44
45,Stanowisko 45
46,Stanowisko 46
47,Stanowisko 47
48,Stanowisko 48
49,Stanowisko 49
50,Stanowisko 50
51,Stanowisko 51
52,Stanowisko 52
53,Stanowisko 53
54,Stanowisko 54
55,Stanowisko 55
56,Stanowisko 56
57,Stanowisko 57
58,Stanowisko 58
59,Stanowisko 59
60,Stanowisko 60
61,Stanowisko 61
62,Stanowisko 62
63,Stanowisko 63
64,Stanowisko 64
65,Stanowisko 65
66,Stanowisko 66
67,Stanowisko 67
68,Stanowisko 68
69,Stanowisko 69
70,Stanowisko 70
71,Stanowisko 71
72,Stanowisko 72
73,Stanowisko 73
74,Stanowisko 74
75,Stanowisko 75
76,Stanowisko 76
77,Stanowisko 77
78,Stanowisko 78
79,Stanowisko 79
80,Stanowisko 80
81,Stanowisko 81
82,Stanowisko 82
83,Stanowisko 83
84,Stanowisko 84
85,Stanowisko 85
86,Stanowisko 86
87,Stanowisko 87
88,Stanowisko 88
89,Stanowisko 89
90,Stanowisko 90
91,Stanowisko 91
92,Stanowisko 92
93,Stanowisko 93
94,Stanowisko 94
95,Stanowisko 95
96,Stanowisko 96
97,Stanowisko 97
98,Stanowisko 98
99,Stanowisko 99
100,Stanowisko 100
