1,Model 1,M
2,Model 2,E
3,Model 3,B
4,Model 4,E
5,Model 5,D
6,Model 6,C
7,Model 7,S
8,Model 8,A
9,Model 9,M
10,Model 10,F
11,Model 11,F
12,Model 12,C
13,Model 13,C
14,Model 14,M
15,Model 15,E
16,Model 16,J
17,Model 17,C
18,Model 18,D
19,Model 19,A
20,Model 20,H
21,Model 21,J
22,Model 22,B
23,Model 23,S
24,Model 24,D
25,Model 25,J
26,Model 26,B
27,Model 27,F
28,Model 28,B
29,Model 29,A
30,Model 30,E
31,Model 31,H
32,Model 32,J
33,Model 33,A
34,Model 34,H
35,Model 35,F
36,Model 36,E
37,Model 37,A
38,Model 38,A
39,Model 39,A
40,Model 40,E
41,Model 41,H
42,Model 42,E
43,Model 43,E
44,Model 44,F
45,Model 45,B
46,Model 46,J
47,Model 47,D
48,Model 48,C
49,Model 49,F
50,Model 50,J
51,Model 51,D
52,Model 52,J
53,Model 53,F
54,Model 54,A
55,Model 55,A
56,Model 56,H
57,Model 57,F
58,Model 58,J
59,Model 59,C
60,Model 60,F
61,Model 61,S
62,Model 62,H
63,Model 63,J
64,Model 64,A
65,Model 65,J
66,Model 66,B
67,Model 67,C
68,Model 68,D
69,Model 69,B
70,Model 70,F
71,Model 71,J
72,Model 72,H
73,Model 73,D
74,Model 74,C
75,Model 75,F
76,Model 76,A
77,Model 77,S
78,Model 78,A
79,Model 79,C
80,Model 80,D
81,Model 81,C
82,Model 82,S
83,Model 83,D
84,Model 84,S
85,Model 85,C
86,Model 86,F
87,Model 87,H
88,Model 88,D
89,Model 89,F
90,Model 90,H
91,Model 91,S
92,Model 92,B
93,Model 93,S
94,Model 94,C
95,Model 95,D
96,Model 96,J
97,Model 97,H
98,Model 98,F
99,Model 99,H
100,Model 100,H
