1,60,Ulica 1
2,94,Ulica 2
3,1,Ulica 3
4,51,Ulica 4
5,53,Ulica 5
6,45,Ulica 6
7,90,Ulica 7
8,27,Ulica 8
9,77,Ulica 9
10,71,Ulica 10
11,10,Ulica 11
12,10,Ulica 12
13,87,Ulica 13
14,66,Ulica 14
15,60,Ulica 15
16,46,Ulica 16
17,66,Ulica 17
18,47,Ulica 18
19,89,Ulica 19
20,60,Ulica 20
21,94,Ulica 21
22,88,Ulica 22
23,82,Ulica 23
24,70,Ulica 24
25,91,Ulica 25
26,29,Ulica 26
27,1,Ulica 27
28,88,Ulica 28
29,55,Ulica 29
30,85,Ulica 30
31,47,Ulica 31
32,78,Ulica 32
33,2,Ulica 33
34,99,Ulica 34
35,83,Ulica 35
36,29,Ulica 36
37,32,Ulica 37
38,28,Ulica 38
39,1,Ulica 39
40,67,Ulica 40
41,28,Ulica 41
42,95,Ulica 42
43,98,Ulica 43
44,79,Ulica 44
45,34,Ulica 45
46,40,Ulica 46
47,67,Ulica 47
48,97,Ulica 48
49,26,Ulica 49
50,33,Ulica 50
51,32,Ulica 51
52,10,Ulica 52
53,70,Ulica 53
54,74,Ulica 54
55,98,Ulica 55
56,4,Ulica 56
57,68,Ulica 57
58,19,Ulica 58
59,78,Ulica 59
60,41,Ulica 60
61,41,Ulica 61
62,67,Ulica 62
63,20,Ulica 63
64,1,Ulica 64
65,49,Ulica 65
66,51,Ulica 66
67,72,Ulica 67
68,40,Ulica 68
69,25,Ulica 69
70,92,Ulica 70
71,76,Ulica 71
72,80,Ulica 72
73,60,Ulica 73
74,93,Ulica 74
75,46,Ulica 75
76,59,Ulica 76
77,53,Ulica 77
78,12,Ulica 78
79,59,Ulica 79
80,41,Ulica 80
81,97,Ulica 81
82,75,Ulica 82
83,36,Ulica 83
84,21,Ulica 84
85,60,Ulica 85
86,34,Ulica 86
87,84,Ulica 87
88,52,Ulica 88
89,14,Ulica 89
90,87,Ulica 90
91,91,Ulica 91
92,50,Ulica 92
93,78,Ulica 93
94,73,Ulica 94
95,82,Ulica 95
96,99,Ulica 96
97,3,Ulica 97
98,69,Ulica 98
99,6,Ulica 99
100,89,Ulica 100
101,50,Ulica 101
102,33,Ulica 102
103,85,Ulica 103
104,12,Ulica 104
105,31,Ulica 105
106,66,Ulica 106
107,22,Ulica 107
108,14,Ulica 108
109,78,Ulica 109
110,9,Ulica 110
111,93,Ulica 111
112,33,Ulica 112
113,8,Ulica 113
114,77,Ulica 114
115,15,Ulica 115
116,9,Ulica 116
117,2,Ulica 117
118,75,Ulica 118
119,11,Ulica 119
120,2,Ulica 120
121,63,Ulica 121
122,34,Ulica 122
123,61,Ulica 123
124,77,Ulica 124
125,70,Ulica 125
126,22,Ulica 126
127,69,Ulica 127
128,54,Ulica 128
129,54,Ulica 129
130,42,Ulica 130
131,39,Ulica 131
132,75,Ulica 132
133,31,Ulica 133
134,41,Ulica 134
135,62,Ulica 135
136,58,Ulica 136
137,11,Ulica 137
138,17,Ulica 138
139,35,Ulica 139
140,40,Ulica 140
141,15,Ulica 141
142,41,Ulica 142
143,20,Ulica 143
144,77,Ulica 144
145,44,Ulica 145
146,17,Ulica 146
147,96,Ulica 147
148,26,Ulica 148
149,73,Ulica 149
150,62,Ulica 150
151,72,Ulica 151
152,90,Ulica 152
153,93,Ulica 153
154,36,Ulica 154
155,83,Ulica 155
156,52,Ulica 156
157,53,Ulica 157
158,90,Ulica 158
159,82,Ulica 159
160,25,Ulica 160
161,76,Ulica 161
162,37,Ulica 162
163,2,Ulica 163
164,61,Ulica 164
165,30,Ulica 165
166,57,Ulica 166
167,66,Ulica 167
168,63,Ulica 168
169,62,Ulica 169
170,59,Ulica 170
171,40,Ulica 171
172,97,Ulica 172
173,34,Ulica 173
174,12,Ulica 174
175,20,Ulica 175
176,88,Ulica 176
177,70,Ulica 177
178,44,Ulica 178
179,79,Ulica 179
180,52,Ulica 180
181,85,Ulica 181
182,51,Ulica 182
183,93,Ulica 183
184,36,Ulica 184
185,77,Ulica 185
186,76,Ulica 186
187,5,Ulica 187
188,70,Ulica 188
189,38,Ulica 189
190,75,Ulica 190
191,47,Ulica 191
192,56,Ulica 192
193,65,Ulica 193
194,24,Ulica 194
195,4,Ulica 195
196,17,Ulica 196
197,9,Ulica 197
198,16,Ulica 198
199,53,Ulica 199
200,85,Ulica 200
201,62,Ulica 201
202,79,Ulica 202
203,2,Ulica 203
204,82,Ulica 204
205,48,Ulica 205
206,51,Ulica 206
207,33,Ulica 207
208,4,Ulica 208
209,45,Ulica 209
210,52,Ulica 210
211,81,Ulica 211
212,36,Ulica 212
213,18,Ulica 213
214,21,Ulica 214
215,61,Ulica 215
216,73,Ulica 216
217,3,Ulica 217
218,42,Ulica 218
219,11,Ulica 219
220,54,Ulica 220
221,3,Ulica 221
222,66,Ulica 222
223,55,Ulica 223
224,39,Ulica 224
225,71,Ulica 225
226,15,Ulica 226
227,32,Ulica 227
228,2,Ulica 228
229,69,Ulica 229
230,76,Ulica 230
231,72,Ulica 231
232,33,Ulica 232
233,12,Ulica 233
234,2,Ulica 234
235,31,Ulica 235
236,85,Ulica 236
237,68,Ulica 237
238,10,Ulica 238
239,32,Ulica 239
240,8,Ulica 240
241,76,Ulica 241
242,77,Ulica 242
243,61,Ulica 243
244,92,Ulica 244
245,92,Ulica 245
246,77,Ulica 246
247,20,Ulica 247
248,83,Ulica 248
249,15,Ulica 249
250,68,Ulica 250
251,38,Ulica 251
252,66,Ulica 252
253,94,Ulica 253
254,14,Ulica 254
255,87,Ulica 255
256,82,Ulica 256
257,61,Ulica 257
258,99,Ulica 258
259,18,Ulica 259
260,15,Ulica 260
261,46,Ulica 261
262,85,Ulica 262
263,70,Ulica 263
264,99,Ulica 264
265,27,Ulica 265
266,32,Ulica 266
267,85,Ulica 267
268,99,Ulica 268
269,12,Ulica 269
270,32,Ulica 270
271,44,Ulica 271
272,64,Ulica 272
273,90,Ulica 273
274,55,Ulica 274
275,24,Ulica 275
276,97,Ulica 276
277,26,Ulica 277
278,78,Ulica 278
279,83,Ulica 279
280,99,Ulica 280
281,41,Ulica 281
282,55,Ulica 282
283,29,Ulica 283
284,65,Ulica 284
285,31,Ulica 285
286,53,Ulica 286
287,89,Ulica 287
288,73,Ulica 288
289,90,Ulica 289
290,36,Ulica 290
291,71,Ulica 291
292,18,Ulica 292
293,80,Ulica 293
294,52,Ulica 294
295,84,Ulica 295
296,88,Ulica 296
297,85,Ulica 297
298,8,Ulica 298
299,96,Ulica 299
300,81,Ulica 300
